,CL:0000037,CL:0000057,CL:0000084,CL:0000097,CL:0000158,CL:0000186,CL:0000236,CL:0000451,CL:0000499,CL:0000583,CL:0000623,CL:0000624,CL:0000625,CL:0000786,CL:0000860,CL:0000861,CL:0000875,CL:0000990,CL:0002062,CL:0002063,CL:0002138,CL:0002144,CL:0002145,CL:0002399,CL:0002480,CL:0002543,CL:0002632,CL:0002633,CL:0005012,CL:0009089,CL:0010003,CL:0019003,CL:0019019,CL:1000223,CL:1000312,CL:1001568,CL:1001603,CL:2000093,CL:4028004,CL:4028006,CL:0000077,CL:0000192,CL:0000622,CL:0000784,CL:0005006,CL:0019001,CL:4030023,CL:0000313,CL:0002075,CL:0000319
CL:0000037,0.0,0.6508096320474829,0.2583236571214316,0.2773412542826614,0.45666998841944423,0.6137728001021207,0.21364897468943297,0.2508432619743977,0.6354841423118833,0.46697415356961525,0.3652590408100823,0.21872786263388339,0.3201778845331582,0.24628581732515833,0.46567315650914803,0.36358519593590427,0.35149390309297157,0.28349359147717945,0.5324730210549736,0.46413940228126144,0.50264306557355,0.5561895173047995,0.5989334218756809,0.3212345408447641,0.496244233182757,0.6596605292014127,0.5404033880461908,0.3801922458233358,0.5594999718338635,0.5893301948138419,0.47593672535458925,0.5187203995612713,0.628898227580809,0.296984996920003,0.5522138793704794,0.6488117346940271,0.3413616524602918,0.7480822480915507,0.6940284033056091,0.7030332810199268,0.6051756973076516,0.6621564030133452,0.458648749402473,0.20519044459871288,0.26993167628012155,0.4697580541342829,0.3533546651327645,0.525268473828271,0.24793347208294106,0.5468600806762831
CL:0000057,0.710530093354389,0.0,0.7444638839910279,0.7500297992122423,0.7771387806426624,0.33514470997748685,0.7388111342361171,0.7157215234555833,0.5889992967830218,0.7277575836967705,0.78330867811078,0.7396570729162237,0.7569875146541802,0.7593827341546524,0.7453688440109953,0.6832651715394743,0.6981065570248658,0.722867474960023,0.8026126337879361,0.8125223561631858,0.6360896084113226,0.6999672807931617,0.845758373262108,0.7131929242181155,0.7450285604210801,0.6615432432275599,0.7958977659776248,0.7143217609427881,0.8151131691884043,0.5170968410150085,0.7836636098035499,0.7719173968451282,0.48404963305315923,0.6504194850270315,0.7779452081997348,0.6753832756844705,0.6909734091020213,0.28801554663293333,0.3250360561301842,0.2664650421816288,0.3998096526835849,0.4785068801798527,0.7886638703465498,0.8545924472065635,0.7532789095780686,0.8321955706717299,0.7717004789228024,,0.7740304931746308,0.7907841347948563
CL:0000077,0.574916201446678,0.3280982005782568,0.6250000141780516,0.6586413616365745,0.5850139574204237,0.36810978979168063,0.6007916307120349,0.5830498786820707,0.506347114495934,0.6182249898616731,0.7119041254551834,0.618331112608036,0.6674819060147282,0.5859281051599904,0.6302753015566002,0.5997239039116946,0.5747385583445856,0.5821571529290412,0.5931652591232734,0.625360924992824,0.4941082455163306,0.5920008034915961,0.6818560166711692,0.5917964186857265,0.5845777217222079,0.5547749608144372,0.5747545053465338,0.4709889588439336,0.6635453134425165,0.41991910600723903,0.5652083187054593,0.606972670340476,0.4428887757169283,0.46975667145348177,0.6014442458964687,0.5599623675067529,0.5531155833714692,0.42225206842247154,0.4214402856406453,0.4291597048553443,0.0,0.4834511632813267,0.519114714273925,0.5990435951601236,0.45883726417791454,0.5423783782507093,0.4665716845906158,,0.5242014419312746,0.5465312955652312
CL:0000084,0.266975326244283,0.7122606685206613,0.0,0.32690277752611996,0.5756541197437145,0.6628025204454556,0.23963010316331854,0.30617352755105964,0.6710435764862576,0.5107605665323599,0.24767392466092522,0.14979910269982333,0.1663609094993916,0.2995430766185816,0.5406394846060008,0.4637022577353898,0.42995248634519007,0.3605577820511612,0.5872374060330836,0.5682798556909614,0.5866865013087714,0.6074099300520476,0.6751116920466262,0.4012802513973231,0.618454581636308,0.6794054270223376,0.632784568285884,0.5193260456645541,0.6425488817294094,0.6560489866667993,0.5748711612899577,0.6443294381065457,0.6606538961525157,0.4454288475009119,0.6481063832458143,0.7011108762365497,0.4341571138962163,0.7335337274745541,0.7547685033271455,0.7482417685680275,0.7026745747220542,0.7259000794095498,0.5805581170485015,0.24225533537766702,0.4587847341861825,0.5401103871378924,0.549698138900986,0.5883782677060996,0.4642043987343158,0.6727603544047792
CL:0000097,0.2905601618924417,0.7272160759133941,0.3286545513484448,0.0,0.5353831612367121,0.6483033416622601,0.3136462888851686,0.364448225957038,0.6697102529167913,0.5418751412750609,0.3801393561604771,0.255324674265245,0.3316410921848617,0.329696810751364,0.5305604681332219,0.43768671567731765,0.4404870603047634,0.41800220727312576,0.5654008270787017,0.5126308328799001,0.5359887739807285,0.6324950701077776,0.7275703192892086,0.42523662250247957,0.5544492323730242,0.6278484732933199,0.6095291782238902,0.46209090832454713,0.6714686563721353,0.6603160757300333,0.6000974688785727,0.6379303010453691,0.6482131916867239,0.3800477314334015,0.6325793685308021,0.7180665086829119,0.4445455164330798,0.6631763666373134,0.7398012873942701,0.7047500325670546,0.7458071357449992,0.6954522754523986,0.5515094347545326,0.3481444022939926,0.36638350654297624,0.5642632430230998,0.49181478675414936,0.5149455622323891,0.299284053626543,0.6038802745167614
CL:0000158,0.48230205497762074,0.7554175777365018,0.6035932779947416,0.5662803259773129,0.0,0.7456805092777274,0.5519212015547833,0.6203644533735494,0.7607950301015831,0.6552085397681692,0.609076530755462,0.551584422872627,0.5725012924765622,0.5630519820070782,0.6806328403853192,0.6073207488269311,0.6506413643817054,0.6353216490411658,0.5118554856981865,0.4730541037026858,0.6234786155818637,0.7196430988591488,0.6109852860480504,0.6532807247024263,0.2651936568814414,0.6765135332586041,0.27612213122300394,0.3566918892497469,0.5503058214387281,0.741011221376205,0.4041227676500017,0.3067724918778556,0.7518863397994837,0.4484794870764548,0.29427831346620065,0.7670135106263803,0.6589478559273024,0.7822033656605144,0.7976033988204283,0.7085791486022722,0.6899991824405818,0.8346665463345632,0.27460043117789357,0.5771713185532469,0.4345494373344593,0.40949388277652704,0.42797009519485846,0.42968123587130413,0.3258785340562604,0.3492780914288322
CL:0000186,0.6396065398541503,0.3236845370071288,0.6725079019641446,0.6669098904309895,0.7167639934029407,0.0,0.6750265508313799,0.685014629912668,0.3476883464183352,0.7671555062980101,0.704801760067855,0.6619421683305068,0.6887108563586808,0.6593414445519888,0.7643071665273533,0.737162593694873,0.7198293862994549,0.7043316168732372,0.700760904883067,0.6954444520227878,0.5093600432946735,0.6038370062192369,0.734674279350433,0.7200600279934246,0.7330596563809341,0.6234387710002885,0.7079389643871481,0.6468045131916336,0.7253820532467651,0.3742359133368345,0.691248608401265,0.7092827714552806,0.2876268561938646,0.6115567494391855,0.7195551263776951,0.5992314683267205,0.7179394195036131,0.3428693490188578,0.2843604540801031,0.365570430595302,0.4329825517635788,0.31055784520832613,0.6581278494678505,0.6783374792091965,0.6129848630630758,0.6530669742412818,0.6622575274683938,0.6410285794809636,0.5487003951828062,0.6202047531969803
CL:0000192,0.7518314271966624,0.489205536200373,0.7830381767900022,0.7558847602286772,0.8344722448357363,0.3237354127408727,0.7716526772020198,0.7803603883069913,0.2013069451615431,0.8376444237289927,0.8160434185679915,0.7585984946258778,0.7939084558583827,0.7469092457779146,0.8442244102187876,0.8256660385783737,0.80336645986642,0.8001023198495063,0.7806606372554373,0.7936254243315443,0.6083891197802384,0.6891647779471156,0.8193700207290489,0.8073651731485261,0.8265304968905532,0.6795001997354366,0.8339546256424774,0.7477310833845565,0.792906955954437,0.279579880265165,0.7890891655059447,0.8399996012903707,0.18454399898106244,0.6888538068187883,0.8459006722460778,0.6465658560940345,0.8048375397069929,0.48433016938210766,0.4621153372305524,0.5245909846023774,0.6036714152971288,0.0,0.7847058272928706,0.7736888906198713,0.678470564968005,0.7894940482168922,0.7414005932523237,0.7139544728741393,0.5626050268813734,0.7786324468481354
CL:0000236,0.2222769562311562,0.7033435213496001,0.23756875337422914,0.31812064967549064,0.5298598835568781,0.6662462191960261,0.0,0.18106124794687753,0.6719266122597124,0.4120886443596951,0.4084567643036981,0.2569563544813388,0.3307067641047907,0.19432519237918705,0.4646232225519546,0.31685019423964705,0.3341958324410787,0.22729766663035225,0.5211050132814503,0.47379968488300994,0.5083418313735489,0.5956033541861123,0.7129515799957371,0.277027691659685,0.5717880067344133,0.6029408851751696,0.5854938420731893,0.4645856544959569,0.6745725153526149,0.6514137697921653,0.5352175322246399,0.6247543926448015,0.6529152487044482,0.3578820861308796,0.6284949040024903,0.6923874225265093,0.31793927334141825,0.7459803700465533,0.7547848759379582,0.748724185137125,0.6611421907948749,0.7055543737388087,0.5555672386123158,0.10339939784047199,0.4044577041647358,0.5137639709638187,0.4790096016879417,0.5482491091372532,0.40400889115031063,0.6095022187560133
CL:0000313,0.5819981899617382,,0.642740305891683,0.574122297860327,0.4435944860982778,0.710106259945687,0.5730196066894788,0.6728150271129089,0.7374341147267245,0.5972919925631947,0.6316955037790684,0.5743265170600316,0.5963962138833534,0.603796429493749,0.7195178299631246,0.6125978785553526,0.7005209393779586,0.6613142073893837,0.6329452225030316,0.544013429746191,0.6329653645165779,0.7360429672853018,0.7257578796898878,0.695418133416104,0.4891928887068147,0.6896255192496114,0.40679448015156855,0.5382228089979351,0.6835091968792188,0.6607945631632693,0.5457075611983372,0.4602665847838157,0.7461890873873102,0.5089299486687942,0.47046907601746685,0.7946907623330571,0.716609298162215,0.8219644023990548,0.6961318353635334,0.7777428671383463,,0.6420946262935909,0.25850059686117305,0.648417929845945,0.5065799637203356,0.15708937302929613,0.567294441300191,0.0,0.5549146883177307,0.4032831722649685
CL:0000319,0.6016909400999781,0.7782999105055863,0.7388608712124898,0.6995296972596287,0.37025856532318596,0.668951552337659,0.668695106976223,0.7460280753364396,0.7647650844319335,0.7516997603431929,0.7637528990535027,0.6849882039279018,0.6993658114022336,0.6876902547236688,0.8143282637018283,0.7397202382559099,0.7903140200403926,0.7479334021345527,0.6040359515701317,0.5604056514699292,0.6218249427294187,0.7440989704031034,0.6833419291482299,0.78022674000673,0.4169611007956407,0.7544489754813425,0.3462923245408432,0.5401655019900585,0.5856585220262355,0.7646717728705789,0.4431384647101436,0.3137094222446544,0.7608218898779144,0.45747024717923956,0.32668422127320873,0.7733215978146583,0.7931707722570283,0.8785890160444527,0.8352692898633872,0.7489370563521786,0.5965708799388599,0.7757577948402035,0.36374656944340183,0.7369567771689154,0.5460753846990225,0.32149831720627636,0.5885332588353308,0.4047879338916104,0.5474968421722884,0.0
CL:0000451,0.26266778931818385,0.6659831206750829,0.31003732400218015,0.391356293853045,0.6137388470336719,0.673774248858383,0.18801525544306774,0.0,0.6932392946362688,0.3696370640173107,0.49413076728957434,0.37270071687659795,0.44445987723642616,0.3211716823357689,0.4171756280657084,0.282915962400649,0.2727542464444946,0.12442770965975934,0.6089690661753483,0.5825914807490798,0.5745191701733026,0.6051788929843354,0.7107928325614056,0.16141073018504817,0.6234253153960535,0.6835210059466278,0.621094285457297,0.5787518860121548,0.6785688467983079,0.6693927861140513,0.5719040909557513,0.6811915621656931,0.663148024656919,0.4423807584100988,0.6691465026156611,0.6864349132497407,0.21095667976360194,0.7805170820667855,0.7495825274901626,0.7730621539520385,0.6270013983062641,0.7180675074309565,0.6500821092965977,0.1854388100711233,0.5582763344805762,0.5491465317031935,0.6415479061089945,0.653280227750024,0.6506722410102785,0.7051165804593083
CL:0000499,0.6836178577108577,0.5706861406198177,0.7000669448343576,0.7065121902491307,0.7682654270455818,0.3650323344554692,0.6919813685714431,0.7187270486914421,0.0,0.7735231809179521,0.7447778417009725,0.6871583099075287,0.7267191922960539,0.675640967699925,0.79394615631951,0.7613589421043936,0.7511664789590645,0.728398976379227,0.6891318537471226,0.7351388095934911,0.5449435598617212,0.6587398186848571,0.7909399234049055,0.7451999885623082,0.7542844855446625,0.6546529172675353,0.777447644883944,0.7000355771033108,0.7581938987191191,0.30567639192200613,0.7261816715851356,0.7665557575765508,0.1604480946576512,0.641340808546285,0.7619659573922002,0.6270693704178225,0.7499358552673612,0.4291775641032134,0.42902642673832625,0.48943134728811927,0.5876611586543992,0.19150163662895134,0.7456766890251145,0.703993575100594,0.6262238914943439,0.7509716458819139,0.6849246919500258,0.7351972131738859,0.6403909364010336,0.7501952830582526
CL:0000583,0.5368646811580434,0.7363219512735587,0.5504868415969191,0.582634312771992,0.6738986897912392,0.81971896824309,0.43868922141565975,0.38392882012862195,0.810898166227835,0.0,0.6317639777803729,0.5675255328216815,0.601981520948176,0.5447553527632508,0.4592312291581789,0.2854611343957318,0.34683361246489647,0.366626444742796,0.7570555252770811,0.7013062207429952,0.7345333205028278,0.7547930779400874,0.8182088482048081,0.3307808126166251,0.6425166300990074,0.7611697011809366,0.6863863084762821,0.6868233010619995,0.7445045379573237,0.7777243911989653,0.729951937602379,0.6924582098023186,0.7886644920469146,0.6091705371388584,0.6951555906241036,0.8174862025853015,0.3017663954251008,0.8057302820239094,0.8318150880243528,0.8019427127191889,0.7087046740652659,0.810617997767133,0.6016257256350621,0.4226575137824657,0.6067491957988281,0.5572405979421212,0.6637300573755078,0.633471004490652,0.6681636706967545,0.7408078278778877
CL:0000622,0.508884154081034,0.7790346998759863,0.6121255591654879,0.5973011778155052,0.2775111479431034,0.688512337840299,0.5788800653762277,0.6384175295605158,0.7569763593576652,0.6012437925973827,0.636198302695591,0.5865064708154317,0.6098223880328357,0.5388144494573076,0.6876354727431079,0.6323091390236917,0.6571182500988547,0.6471381337800663,0.5244762581889552,0.47211882708936764,0.6210311979657656,0.7140401430947159,0.6449540976704723,0.6738544338727154,0.3179921301290368,0.6605473272873839,0.23135218646996833,0.3881681488617115,0.5715567729852472,0.7808685447723487,0.33779479381130545,0.32248089453856577,0.7614045308828484,0.46914032662614613,0.3136107373729474,0.7506539678679266,0.661601918310834,0.7423185539206084,0.8338032103421227,0.661583806999361,0.5970645442409208,0.7764563000283187,0.0,0.6002721056637083,0.4341908277570897,0.2502602226929739,0.48953572869128714,0.2544413225678653,0.4478747280461132,0.3457871184824734
CL:0000623,0.4089866562437104,0.8164555212080636,0.26531776650856953,0.41060686396719726,0.6183600092903363,0.7375152299343944,0.4344930874981759,0.502468593126298,0.7541405328572328,0.6298254155305697,0.0,0.2740487368861931,0.12837665992828173,0.46312332267926287,0.6178757428069419,0.5544264883559028,0.5571910101985666,0.5423820788049984,0.6572280237257676,0.5966830035827471,0.6607320341791564,0.6987327133709857,0.75677092392716,0.5496121648832044,0.6645923976534356,0.7006345599725154,0.6776576278170395,0.5936864260931595,0.7288398690877483,0.7570863692810312,0.6689785169206319,0.6960225361716018,0.754496588532238,0.5582053655848112,0.7135817519001498,0.7828123851009892,0.5669262412572936,0.7370160184238178,0.816447320225485,0.7801533188845798,0.873642547381151,0.8121289639756427,0.6327767650345937,0.4326305921479397,0.5329848760720706,0.6204338220086174,0.5772963706623429,0.6103271123801074,0.4869350159711352,0.7066508156699458
CL:0000624,0.22342770109569404,0.6961283558347364,0.14522986249356337,0.253152440682977,0.5201347080761424,0.6425452194051918,0.250288959755986,0.3419462950026632,0.6534019350110793,0.5230899926841016,0.24856882655979864,0.0,0.17179695076707271,0.22789645229621103,0.5415050493776147,0.43368209938727975,0.45344394954176875,0.3964917510775876,0.49224941683557416,0.4906947046141336,0.5149194327972525,0.5932464378593136,0.7053272833772343,0.43265070142052053,0.5730058759623393,0.609674903641857,0.5927929819966411,0.4331983163983875,0.673293082961523,0.6214459736534359,0.5492086078391414,0.6247072837439963,0.6303096648151428,0.3566596054814209,0.6336972562427117,0.6955692580701776,0.4446903979417025,0.6759026897418906,0.7313558276546617,0.712555766462052,0.6781820306863136,0.6855375863967198,0.5541833220123692,0.2871630923412717,0.3540413478740388,0.507975031354158,0.48820194611570283,0.5431140190427175,0.3437608322352113,0.6138340665315886
CL:0000625,0.34459195699929845,0.7465782963091335,0.1702075049166875,0.34476271155146293,0.5632562701625313,0.6965952299223539,0.3379775603611442,0.43349638584942224,0.7183679348501882,0.5800699849500719,0.12206892476623951,0.17931446023500056,0.0,0.36626099044109406,0.5875908616272528,0.48237176465100157,0.5164970824789723,0.47999803052090445,0.5501385515453293,0.5350089359659121,0.5644880202554524,0.6458115001508802,0.7404243173292883,0.5001320742255296,0.6209561703421838,0.6246650698427024,0.6303758218125288,0.49985276822812896,0.7138767886477712,0.6963136762378352,0.6212018261921445,0.6542549609931556,0.6991989545105471,0.4398047023453215,0.6731725183952075,0.7419756763175829,0.5129174581287501,0.717194446444592,0.7800517031087117,0.7557386598169024,0.7725528640846361,0.7529503890921002,0.5968282276139223,0.377321642440796,0.4337413925343088,0.5754892812259736,0.5243825622756462,0.5769955627896917,0.41164545069842035,0.6459199392898324
CL:0000784,0.2079507257589556,0.7557152413622621,0.23657040734568485,0.34673169980813223,0.5428957467027976,0.6523202279694543,0.10075991467870876,0.17073194811628606,0.6565460480651605,0.39148636406896536,0.4053608879065584,0.29036470858757696,0.3611249037586291,0.2223661325186126,0.42943610708492036,0.3128108913415531,0.29380183512371866,0.2224680051974951,0.5406606552993627,0.4954681039679035,0.5362636676951387,0.5766358184294004,0.642183915422315,0.26154745338374247,0.6213709786050047,0.6359492914773965,0.5608090893515361,0.5094578128846949,0.6444255402383889,0.6524035226963721,0.5058000406834356,0.625662453900334,0.6757166589934903,0.3719896383812162,0.616693777381568,0.65243447902054,0.28533697550226905,0.7289298169727403,0.7464291509992957,0.7514465916485109,0.6381845556982507,0.6983265032617221,0.5606109636768373,0.0,0.44436817850756166,0.5241048622295609,0.56496033377287,0.599973102917136,0.48535965724457925,0.6558788337759964
CL:0000786,0.2547852285735018,0.7259123873900212,0.2932079862353922,0.32141298834332616,0.5209511869241088,0.6423063481485953,0.19012861549001306,0.30720241666723236,0.6466978431002872,0.49039930442598045,0.422021000708316,0.2291209142778344,0.34907321798957425,0.0,0.5374916369966564,0.44126886868914544,0.43218578629623994,0.3574307981357858,0.5883606141727636,0.5174931478881794,0.5489195982941398,0.5948165654088897,0.6484822269721273,0.39663264173839624,0.5688800982918549,0.6606005470703652,0.5884909246736132,0.45137304993073374,0.5824082381309617,0.6313868605349261,0.5410875717703998,0.5939105075035048,0.6206475011561152,0.33106794601668804,0.625070358986581,0.699914624634768,0.4238828700324037,0.7131741195286472,0.7336486787452317,0.7191859435007113,0.62999773190372,0.6623165909236168,0.48465455016545356,0.21531194155609562,0.30287016241699266,0.4918201163951875,0.4398537414842438,0.5411904351139927,0.24343792475633164,0.5876458812890615
CL:0000860,0.5344592484906863,0.7645121167662362,0.5950714499658439,0.593941456805211,0.7169780977759138,0.8308572982946563,0.5100182691363838,0.44864526866509347,0.8447693522670263,0.4757074881927208,0.6426118368556176,0.6078020092819842,0.631139663102743,0.605473412057333,0.0,0.3130249712019098,0.24919831289731006,0.4263418955983161,0.7792069211652844,0.7568762471810552,0.78203097180363,0.7900245975044757,0.8361132488714139,0.352768151982517,0.6983617492054163,0.8216819283170858,0.7474879008895524,0.711712151261468,0.7884072509843232,0.8109763318305142,0.7622908658785063,0.7845755618245308,0.8131640320876166,0.6829863803870978,0.7595988908021379,0.8381638098838117,0.33862901552130126,0.8339068435826898,0.835444587851152,0.8262495852493491,0.7407701479161811,0.8544594389711649,0.7166106112978647,0.4788191504609529,0.6923451705956795,0.6631949942150415,0.6742305934238171,0.7814593217016292,0.7448848091253994,0.8184907263246046
CL:0000861,0.3910686804738082,0.653232110625849,0.47552531976469103,0.4573887790617812,0.5990358630599418,0.7506995553127584,0.32571951353152834,0.28621612182121486,0.7582753257754041,0.2761299535684851,0.5393047015883305,0.45486038882451957,0.4852079780140718,0.4631151448355688,0.2913642383845389,0.0,0.19492389410271985,0.27885531253268053,0.6161134197003271,0.593511303671496,0.6152732222009459,0.6997090319235122,0.7967320880544972,0.1945701187481245,0.6011055873878101,0.6620222807069507,0.6505161543673244,0.5502579043977264,0.7426931381373874,0.7163958252884428,0.6669712770795322,0.6910885556834497,0.7204878083239419,0.49546488730127947,0.6754962972355875,0.762979939578922,0.19612736305641557,0.7717565662798355,0.7670883107972792,0.7657382369294914,0.6721016369859545,0.7851722874091086,0.6217354014319736,0.3312091993221294,0.523844403536009,0.5726900808034449,0.5554032971846602,0.6104358394211455,0.5347756539504733,0.6883868485151479
CL:0000875,0.3760477003175003,0.6647612680532454,0.44092228406587103,0.4594785861544651,0.6396048255093919,0.7253036831620641,0.3429057385642247,0.2730921321409765,0.7385631832027337,0.33659592024595203,0.5397116711900873,0.4766372488896325,0.5177020564671924,0.4539676685565133,0.2326719215937728,0.19568549642789732,0.0,0.25707572611954044,0.6940449030645451,0.6563420087990981,0.6587744813164547,0.6791724844460358,0.7570023726091731,0.17565972241641012,0.6288698502672347,0.7247982584103774,0.6765277461593631,0.6018933934925371,0.7050659896958482,0.6949289411650761,0.6553164148408397,0.7106028480646309,0.7071251040675761,0.5361975224104327,0.6963591634670059,0.7438586762532717,0.1448802528428192,0.755897410193014,0.7536317695411673,0.7507966760663235,0.629705287445299,0.7467379663563175,0.6381641108582965,0.30475974575902504,0.5686014270189194,0.5920355951265357,0.613762709511361,0.6941296523919954,0.6287929049073575,0.7327817203206937
CL:0000990,0.30634924284730825,0.6853881709626497,0.3800028051138522,0.4666639590923914,0.6573958255442841,0.6997635104827405,0.24814848964037028,0.13056847607477937,0.7115266069804864,0.3747728518414406,0.5553303371512558,0.4511512147248771,0.5129970464812122,0.39508830003995,0.410630292314125,0.29211797079756247,0.26857481231572955,0.0,0.6377441471363863,0.5974553649208112,0.6136315872687838,0.6418414703636233,0.7433083643424916,0.13586646444877878,0.6605506553635675,0.7308300390022179,0.6503311710734168,0.6236863704881209,0.7050900908084815,0.6908339414292819,0.588268487189916,0.7001140045861307,0.6969738544499948,0.4477927430786823,0.6950139514467844,0.7146416129123105,0.202889703925623,0.8163489729382281,0.7727988184621686,0.8119551839854994,0.6268897162216549,0.7420026041500555,0.6923644775661018,0.25208174502402403,0.6092671518645244,0.5570738120724383,0.6735892353393415,0.6601336106496576,0.734692531972158,0.7461476043010596
CL:0002062,0.565989917578312,0.7771125909584983,0.5974223827143759,0.5733511100938015,0.5011866176752855,0.7100289813393493,0.5304687036798138,0.6281519729809206,0.6780764061208215,0.7071550687417211,0.6213697933057241,0.5081676367021806,0.5451150879132318,0.5973819735009323,0.7245364895857855,0.6120664570551717,0.68884217752414,0.6407530977759183,0.0,0.47111271192384474,0.5764546226440157,0.6562579699446485,0.7275688770119643,0.6805951334000749,0.5600072017862907,0.6509172234110455,0.5246122394845284,0.3948159090743248,0.7399063728820603,0.7000441601320613,0.38761172307603375,0.6377888123107345,0.6641616543289857,0.49745425851110775,0.5958437024591927,0.7073197097796553,0.6911668088899922,0.8075752463781513,0.7814888501151391,0.7999097532757151,0.6739446759475574,0.7478119604471491,0.5208839760589454,0.5734863009945678,0.3984233985625237,0.5573246871318724,0.4571358341279685,0.5743908517519036,0.3023550743890355,0.5836293788595954
CL:0002063,0.5233830218057722,0.8711827619345948,0.6206691343297863,0.558130183867729,0.49179708159963575,0.7409125443852308,0.5185664825125608,0.6352912534664285,0.7507770033858164,0.6983078160692442,0.6036544333890328,0.5405799427283929,0.5647466659401971,0.5766120306067815,0.742822070352293,0.622455971446283,0.6939220047852913,0.6377843207934631,0.5064292883204149,0.0,0.6468194269218451,0.7300349946212616,0.7251540427630169,0.6727012327274118,0.5590679406777647,0.7230169515047845,0.4864245853083216,0.4669558958235365,0.6892972950595233,0.7805675483332956,0.3063453255406507,0.562895713434941,0.7847562156475648,0.453023978151161,0.6093837660472169,0.7894175944673433,0.6845928270020496,0.8590627071383587,0.8581135825855701,0.8415340266386568,0.7835855301522167,0.8055461726191573,0.4628060052539837,0.5394775182405979,0.43031509597787887,0.5048868212372433,0.4113115011203857,0.5093945248533978,0.29001885661486365,0.5383801979518773
CL:0002075,0.23750376442913831,0.7225942683839582,0.43949328928688547,0.30788964741595076,0.3069209146523259,0.5380225510752313,0.38391290326823285,0.5620360627217119,0.5816681231368949,0.6015206208085926,0.44501291836072615,0.33413200041668517,0.3810644593484177,0.25138717864598586,0.6390384248494309,0.491980463391561,0.5788915442923342,0.5988455429190297,0.27783482106030455,0.2653373769122738,0.3810196051087479,0.5472505433067792,0.6132404512026037,0.6231880287247744,0.43305942268803316,0.4688497568071434,0.45385688965198945,0.1839116977924547,0.5368424229653517,0.5049666314327352,0.40264220372949516,0.535477737561844,0.5617012152662417,0.16793265207236924,0.5208526736042903,0.6319542808677013,0.5993510769730759,0.5545704185699446,0.7065619447178224,0.5633038663859277,0.542741006305101,0.5322065764598958,0.4155705687048149,0.4705677600232632,0.12120070860235647,0.49877477641682894,0.32504710466137915,0.5116795964149734,0.0,0.48617640656662775
CL:0002138,0.48815399206360055,0.5735468173190802,0.5539780636466015,0.5099836094708968,0.5740651597631784,0.46010025026343304,0.48142176480095505,0.5423320320444897,0.47016046612717644,0.6385261281891873,0.5838632977124427,0.4953283772565702,0.5212407990608265,0.5199019594742389,0.6679326980206118,0.5652116379215307,0.6044088780034773,0.5683351396676397,0.5429019452717269,0.5653385582968206,0.0,0.28382555566860546,0.7350730384516432,0.5927126441195177,0.6151474276005088,0.2844606106405989,0.6223680990497354,0.4911507175912904,0.7124267355312995,0.46858093476463264,0.6174902978253676,0.6399596932822129,0.3964863510796227,0.44138232575984016,0.6605307277528532,0.3070272206761709,0.593908004228677,0.5920024025216508,0.5094934393779145,0.5631808038673695,0.5068790877731602,0.5050603937818486,0.5576778714771042,0.5011744224439338,0.40663458690954024,0.5520924189057199,0.40162711297796055,0.5662955003378662,0.37738144525748674,0.5441402300642249
CL:0002144,0.6172896168833499,0.7353823583270546,0.6507323257762392,0.679465884897861,0.741210864953395,0.6260651289702791,0.6377672298327156,0.6490291814996407,0.6588404518461881,0.7352317384208965,0.7003200610698939,0.6437477241787792,0.6721211137435515,0.6412317466880266,0.7625877527911469,0.7217777464505832,0.7064094912888847,0.6763527925359263,0.6998566476618565,0.7199228068201761,0.32895481258809756,0.0,0.7817518911863999,0.6935726341175736,0.7658463725710489,0.2764331324677657,0.7670017943811602,0.6845582446991535,0.7728220129588872,0.5800861320248816,0.7291885368900658,0.7875055856781759,0.5366334529460416,0.660739998838845,0.7972125275956093,0.2363457032026126,0.6898310585148042,0.7137607014784723,0.6568984230020594,0.6851578509086153,0.7142486373435524,0.6576550593314144,0.6971204773652704,0.6192515715585584,0.6118179569749767,0.6460632165766973,0.6471995029724193,0.660137910220305,0.6172002997355137,0.7239911299289401
CL:0002145,0.7288808966556013,0.9620869991306495,0.8004052147763899,0.8633580516576046,0.6951886715362796,0.8409198715801853,0.8329927861263453,0.822984013670815,0.8704169029436397,0.906446179558158,0.8448465460217365,0.8368567530500697,0.8482697927447759,0.7855402257140071,0.8986339903964268,0.9050041242691231,0.8739630658250558,0.828323825691316,0.8418417591115991,0.7840451904686511,0.8778148345190079,0.8538860446616079,0.0,0.8622167857596047,0.7624767109984962,0.9155734549637522,0.7144369666473416,0.7526192127836292,0.31268007789996505,0.8952796849607682,0.6848027623626155,0.7184859384213438,0.8880646810816517,0.7441836127448961,0.7029709253714587,0.8918155320719269,0.8642792781037265,0.90340271632083,0.9306283680412899,0.8962045177312374,0.8885749921795865,0.8531970165242124,0.7097354454921869,0.7720623297629808,0.7352585538502769,0.6822306631421281,0.7874362367231195,0.7462557662881611,0.7157081818546233,0.7082428513023474
CL:0002399,0.3472410916960152,0.6804816822155695,0.4230311094394787,0.46796036987620454,0.6665688568072432,0.7323442518547264,0.29419137616270413,0.16737041452053106,0.7433754976635417,0.33630972422411065,0.5574297072848449,0.48011453977230284,0.526705684937609,0.43320189625370475,0.33884585910179393,0.20346746240832106,0.18376250173108144,0.13595264268166263,0.6838394292390922,0.6387194341537621,0.649273108828895,0.6692556199153454,0.7716582331550318,0.0,0.6540247982971887,0.7448979864006439,0.6752682217284508,0.6422175197171408,0.7303502826946101,0.7067035319253856,0.6330570752065237,0.7244547875617179,0.7105869134178598,0.5198515548955471,0.7078858669955891,0.7376264770508822,0.1201446234416441,0.8117891430089295,0.7676160744830374,0.7995876553804138,0.6513820949672582,0.7634021310359139,0.7051782981213759,0.28790102231624826,0.6312521443281638,0.5960494535676829,0.6857964336015121,0.709929562262085,0.7402460266438308,0.7728296431766161
CL:0002480,0.5565387568459466,0.7248555063794941,0.6743030642529388,0.6205378509852806,0.28211317210219866,0.7831581507206685,0.6197625030650532,0.6575081836582608,0.7922467932209908,0.6586981822673951,0.6858123714043494,0.6291847787062134,0.655760673125732,0.63832374473169,0.6947855356862931,0.636507631142176,0.6720251755835218,0.6679408078923227,0.5836186334481549,0.5637719406402292,0.6809551499075872,0.7622912894914899,0.6936806766825531,0.669573443013622,0.0,0.7237316801041143,0.34597050302212967,0.45250932163668733,0.56890837136271,0.7315102042117461,0.49342143789006104,0.35186089167326434,0.7569609728737074,0.535393372597632,0.34486498759328393,0.7971431633338205,0.6621651874338823,0.8175103919432238,0.8052058554391817,0.7022598092051419,0.6460483020699372,0.8459472342971981,0.3322958905290354,0.6996012646687426,0.5255204969495277,0.4995750833029927,0.4987603233877077,0.5083171049853306,0.48350702015010416,0.42378980696389784
CL:0002543,0.7446871164054257,0.707223453411076,0.7406360688991835,0.6846869150690603,0.7091697506310838,0.6641846096072488,0.6525701385037603,0.7360124250391009,0.6646879220473821,0.7667407787876851,0.7197958126434484,0.6707358543949814,0.6644619716117326,0.7303417447153144,0.8066107596030044,0.6983629342004853,0.7658735472787306,0.7568369430699632,0.7134869243645278,0.734942815195662,0.3287969168252677,0.286391482595754,0.8504035700022798,0.7679952950271886,0.7334610288978108,0.0,0.7605745596952518,0.6776552034567229,0.8300270156681898,0.6222081330395466,0.8226659272205428,0.7754291072926842,0.5905701138112875,0.6975534476399353,0.7827685516631268,0.11088815519741417,0.7583653057862378,0.6557380312001684,0.6398458138710779,0.6793285087359897,0.6635212813375657,0.6647320822982855,0.6567318828755002,0.6759445067575919,0.607707188350039,0.7218091951571264,0.6169021787135253,0.689647455631613,0.5151529514818777,0.7056485659660444
CL:0002632,0.584600584333365,0.7907044798447809,0.6798915147763676,0.6559373080526585,0.2936078777942395,0.7293726155115761,0.627925569742885,0.6627747309962366,0.777309258239257,0.6810042861088501,0.6847313618012008,0.6431905453054865,0.6607578263448252,0.6489131708275712,0.7296020878321223,0.6803326179923558,0.7084111385861616,0.6659655080084398,0.5403309441948582,0.48200843825340206,0.683243389123922,0.7553953301359001,0.6538223599484141,0.6908106864542334,0.3418116598976632,0.7529652035891351,0.0,0.4985829309722519,0.6217583632149707,0.7970577665943634,0.34548052244785576,0.22200947666979495,0.7904916658049699,0.5022960655325384,0.26037188863883487,0.7858024462604276,0.7109000194702629,0.8376766227966049,0.8344872614462061,0.7893673438923371,0.6567968400796234,0.8195478144433074,0.23737670506640418,0.6102492829336775,0.5198857487553867,0.343273058982948,0.5116536286622405,0.4073496497083914,0.5135347261491993,0.34148779122411455
CL:0002633,0.37096014763416246,0.5978194632406503,0.4888159723547814,0.44368894390408303,0.32043933199453456,0.5924869624816097,0.4417207311917021,0.5302960092515377,0.6347698279141156,0.6079380369852857,0.5289698692228109,0.42123553253301776,0.46220345633700216,0.430381234465415,0.6107064791796067,0.5079777578059712,0.5551128618136624,0.5456238439952225,0.3584266533236298,0.39161671872374987,0.4776783258925392,0.5871943959090522,0.6093579617065438,0.5706949659198247,0.3990399536920805,0.5802914787427684,0.4380172966917251,0.0,0.5631549924375642,0.5627968029370185,0.38015765183603406,0.5048066316933025,0.5831895715151247,0.29670761134495804,0.47338089005389794,0.6528857515400289,0.5523631844578373,0.663302353534908,0.674814753213235,0.6441230245245745,0.46812152628072956,0.6478171619145283,0.375491593734558,0.5150662697948272,0.25858613436829586,0.45745964695307145,0.23784004005242665,0.5107456026137932,0.1908197888958083,0.4959662287171633
CL:0005006,0.2585919546889757,0.6198957774960604,0.4168773086114289,0.3520098139877974,0.37051518101266834,0.5370186739401025,0.3857878846601911,0.4974639825416596,0.5498938129342917,0.5483867179973035,0.46327503990825,0.3383695729261845,0.393698717439284,0.2967696833685412,0.5940584220117421,0.48048912216372397,0.5244193671648345,0.5186555428840491,0.3399767169969624,0.35358274828748515,0.3910575909567895,0.5225150374336731,0.5983451526581504,0.5471135715025409,0.44939032811890856,0.5163045905961944,0.4407238057966206,0.24344164501623317,0.5044827481507281,0.54528751747526,0.37577686548042544,0.5057323823661041,0.5264280412208434,0.13928740532627412,0.5138921635519916,0.6138450989170517,0.5100530976119131,0.582346505054357,0.683497373016222,0.6082966861518875,0.44977439381931955,0.5579458214502104,0.3957544873969644,0.4360925259957045,0.0,0.39720750799786686,0.34934192044990164,0.4489402401758529,0.12077351261444921,0.4694753992278777
CL:0005012,0.6595246701697739,0.8554908508597734,0.7170369046605063,0.7216518494824525,0.5354824270093733,0.7952367829673846,0.6977897128589882,0.7389265919754117,0.8313490475234052,0.7705076777350617,0.748886157957731,0.7066648086601024,0.7264000049489606,0.6701334488505005,0.8127654202052363,0.7583405069504696,0.7816487762389339,0.7413587172806875,0.7177922150687982,0.6530275933193682,0.7440865284455075,0.792894043195783,0.2593909018029371,0.7723487880420016,0.5435884484319012,0.7927294074075473,0.585970021128759,0.5931204647659536,0.0,0.8198749456221989,0.6161507866119291,0.554647247043977,0.7909872585805275,0.5126178593959054,0.5815329208548289,0.8400145033630341,0.7623936868195548,0.8362309130431402,0.8784849475518011,0.8064221548833533,0.7971963128787122,0.7978628209573209,0.5323280091006397,0.7515027932767612,0.5241722842000192,0.5529674206523667,0.6261497747168359,0.5584644763324841,0.5182368464463707,0.5328698641079463
CL:0009089,0.6234026420866012,0.4863554005115738,0.669306023212853,0.6723747863086378,0.7248038445594042,0.3793654440154971,0.6629731217930418,0.6808402559154344,0.2918574186082633,0.7358324611396716,0.7209610014197945,0.6440933594935677,0.6905037059252435,0.6463856357798466,0.7453076560523814,0.7064969798618799,0.6929108894676008,0.6913629847959251,0.6961275205623458,0.7240491661957699,0.5097010515809621,0.5515262438609008,0.7773592778999838,0.6987439804179498,0.7120663982536126,0.5783023307668691,0.7672537729644819,0.6278519038739737,0.7667700025610384,0.0,0.7146017628497725,0.7931395301400385,0.23853576983976416,0.667093009207849,0.7768293834267459,0.5592296934816284,0.6905268157644372,0.5057818187361265,0.4524862577815674,0.5195921375883849,0.459495255440536,0.2549673811452717,0.7929517484726696,0.6855546966372392,0.6608545454488908,0.810856443274346,0.7332143655947301,0.7636513852757834,0.5234382194833642,0.7706123159192965
CL:0010003,0.497871018361779,0.7619463265141541,0.5812707175540035,0.6087788244161855,0.38903250492383734,0.697935395551111,0.5426944909521426,0.5813214629222825,0.7141932102327833,0.679011062026882,0.6304867933028236,0.5634003831127108,0.6100502246466268,0.5531471334376482,0.7025180108002946,0.6574940145037982,0.6467865774316361,0.5839207966749991,0.39101383776954773,0.2878851437300987,0.6625518716661631,0.6906565197442265,0.5863964795584081,0.6232861336172826,0.45339034635124154,0.7569736576412341,0.32888266463556864,0.4165384305892913,0.566641320470142,0.7125510576830715,0.0,0.38081627524853345,0.7158557058824957,0.41264824478462686,0.43669576033402147,0.7390855175368506,0.6385601263542249,0.8180321716883265,0.7872217821153716,0.7893278689199134,0.6459021411792722,0.7520209467518222,0.32396746877018306,0.527881003771621,0.4328916686076248,0.41276685379419076,0.4653200850289109,0.49899462298726194,0.43412749540016354,0.42300761017151944
CL:0019001,0.5386321114036062,0.7621169460926777,0.605485881751536,0.622306359113027,0.42802019521213025,0.7122801809771416,0.5610503991653669,0.5995769708415031,0.776582870421771,0.5556398714756677,0.6444007976336461,0.5616972806682826,0.6131414360154046,0.5660693917380544,0.6540268462214733,0.5985638971427656,0.632592192678534,0.5949929438404933,0.615974083520178,0.5444251280171319,0.6498509938164847,0.730595298437464,0.6608377511883268,0.621634426601924,0.49304220635098106,0.745428847373604,0.359666769027397,0.5006371684415207,0.6166839525492055,0.7437449760990864,0.4602837895779629,0.4014571621146118,0.8002805141498143,0.46601098209004466,0.41495105403208254,0.7877816611242329,0.6401077404674219,0.8673644432575134,0.8055328243365719,0.8475612523119297,0.6063940247614705,0.742636958126975,0.2655207336247264,0.5920495177136912,0.4691701682236557,0.0,0.5422614875187742,0.16727136995115982,0.5749827471999847,0.3380846663543402
CL:0019003,0.5972663256040044,0.8310789139294886,0.7407300803519727,0.7629070523573986,0.34601058365613263,0.7905802351050918,0.7246972572388972,0.7661794358149644,0.8244215107262822,0.770211688212409,0.7713520875673887,0.7334819365919852,0.7429877121114257,0.7125618848177387,0.8349472669055288,0.7809665014494349,0.8121171670636786,0.7590805929518605,0.6775664084674624,0.6003858729588676,0.7508017449242524,0.8364413345886241,0.7090125692156609,0.7898753366380135,0.36815844918312,0.8236431033963948,0.23522727896179546,0.5975295043566459,0.6480346326706896,0.8459567854731581,0.42333774605277313,0.0,0.8570830799742025,0.573246739569306,0.20050142037656213,0.8685321767742212,0.77774764829083,0.8905646236046592,0.891321771126241,0.7866901695692847,0.7670088945855381,0.880528140773175,0.3601981126063268,0.7468658927198096,0.626487258740088,0.41051165370722786,0.6556203429918235,0.49146778404325336,0.6465482035253836,0.3259457409503182
CL:0019019,0.6704504270393561,0.4741887683426797,0.6783638793375495,0.6690380116459019,0.7422033600937964,0.29179649264826285,0.6678860620798659,0.6807613560429051,0.15979057372774008,0.7427304687738049,0.725592899954367,0.6551578094764207,0.6974187122539419,0.642465356435968,0.7576618475374743,0.7175606857161917,0.7085710412028747,0.701407712795062,0.6765976436315243,0.7409674536535122,0.4492349086235764,0.5305920148592858,0.783780742674526,0.706562669067879,0.7196932562141962,0.5643798003806559,0.7688551089838056,0.6495149453402788,0.7307897397138039,0.24636839547940184,0.7234576032114497,0.7821544073897445,0.0,0.6222947539636383,0.769260100442545,0.540010834689107,0.7060684382344247,0.41612511442212097,0.3728308007581731,0.4321583978549424,0.5118096350325313,0.17611350311732374,0.7555000166173059,0.7187107188797848,0.6060836922221476,0.7758519202997775,0.7071212572836391,0.720164381346244,0.5892900858894256,0.7339269191577631
CL:1000223,0.2850361149262189,0.5684581947993999,0.4073627164652724,0.35609618828914774,0.37399998546416363,0.5591654430920817,0.3277315127032785,0.40302167817627027,0.5804621780752615,0.5175111416446796,0.4761331360355242,0.3305728042768148,0.3931738429898434,0.30198129707617516,0.5633029740962469,0.44183912512051887,0.4782280455098687,0.40204866711143966,0.43491841410900445,0.38120654013848365,0.4272697037304747,0.5707127275764049,0.5916004097505553,0.45852912037128013,0.45182670648504974,0.5824299623698177,0.4263378987434723,0.27989198108646196,0.4851255633470358,0.5729865370541377,0.3657084767928705,0.46238357573236766,0.5575982448633818,0.0,0.46255090498536827,0.6562831895616051,0.4710574764703626,0.7157564668004693,0.6907043262168036,0.6784671051880186,0.47173529580167733,0.5734740012925409,0.4120824099691497,0.3524773439366907,0.14039258565406096,0.3967250377834966,0.31484876449660504,0.4465733368868758,0.16272332477685442,0.4013602407983009
CL:1000312,0.6391352521327891,0.8032743729184899,0.7279689069540346,0.726919226772387,0.32808600590247716,0.7855446199293352,0.7030475168891199,0.7284180041401771,0.8098597064143255,0.7375482252602947,0.7621733127169157,0.7191716323730843,0.7355710351842936,0.7226621683523593,0.7786856113522876,0.736898414495436,0.7639922492479614,0.7260485536499771,0.6506122616329472,0.6434090389940387,0.7562277363153154,0.8270265307800957,0.6557814878857136,0.7480787240906548,0.3596951721657928,0.797496987359741,0.2710455685814155,0.5593398466031935,0.6251406203546556,0.8390498930681287,0.4981783979256808,0.19301852718330928,0.8428366657886648,0.5715694958271881,0.0,0.8483933604558218,0.7519920140680488,0.8541344826548978,0.8837235246550574,0.7943645115180415,0.6979577949025264,0.9112238981387876,0.33359326407504014,0.702069160672113,0.6190376888752802,0.4262668481924149,0.6144228318123368,0.4983324765229125,0.5958562587640358,0.3317210652348609
CL:1001568,0.7293374733574022,0.7278659796728694,0.7711849501053989,0.7916357087333437,0.8150495826501011,0.6374632401376568,0.7609133738458276,0.7566795340664851,0.6367924670226583,0.8226220317234636,0.8066677447423134,0.7741725363079887,0.7936676335504877,0.7744301770561667,0.8326033311208579,0.8114084440630116,0.7944409558627301,0.773976498399295,0.7815894121507806,0.8009475938462293,0.3608274407234094,0.24321966057467978,0.8430857871958022,0.7866754043421409,0.8253288520483824,0.10946730490021835,0.8184690308064804,0.785877081960398,0.8416588307128074,0.6047533004838468,0.8015032441931282,0.8511655624280344,0.5651593858029188,0.791391148682582,0.8451938345660426,0.0,0.782692048100457,0.7020460122907263,0.6451735861262732,0.6978607676508648,0.6741071524957366,0.6352654918260144,0.7483388628425598,0.696307453598401,0.7432960097528873,0.7364809053432414,0.7249878720629402,0.7616987253565802,0.6989841481572606,0.7659501634178356
CL:1001603,0.3622128214990376,0.6472046068204903,0.4454780757317429,0.45791901926980283,0.6465993299124828,0.7178582908669964,0.32497415614097175,0.21400324852070865,0.7311283811433871,0.29165864632337246,0.5477177809212775,0.46947508722658354,0.5173015554984505,0.44726222895624,0.312681470995333,0.19570197001118644,0.14516352384931067,0.19890041207406092,0.6833840120348498,0.6408906653746926,0.6400534050465612,0.6556128630802955,0.7510893356643571,0.11676448209648106,0.6239168023377956,0.7166433601365522,0.6797449906800864,0.6038974915288652,0.6999195940241931,0.6868659170041664,0.6392081032162394,0.69622040988935,0.6970853027117995,0.5280451343175266,0.6901812576748212,0.7233527062383045,0.0,0.7715811986507036,0.7476186694972964,0.7572864040243026,0.5951420763203353,0.7452782890943589,0.6542110340263595,0.29798789781393875,0.5734295137954949,0.6051198903919792,0.622026883187958,0.7211952706619961,0.6726068636583669,0.7584227377560653
CL:2000093,0.9080242580680797,0.3143800146871943,0.8519582127122133,0.7834361182534179,0.8516782766940814,0.4106779994811217,0.8450150992703365,0.8608475075721539,0.48383836815041575,0.8686730923157714,0.8076524082097403,0.7911041723008364,0.8054270494517908,0.8447369222518587,0.8651502328175653,0.8530464442522256,0.843098352707852,0.8719301764264672,0.9185019702001637,0.9398698637697114,0.7585034328522673,0.808138598172363,0.8834800580745962,0.8663442474410764,0.8573649241978323,0.7234725690954151,0.909562788341748,0.8088246253534647,0.8533675615302124,0.5781830786203136,0.9366286682519137,0.8722046624674056,0.4743036945646016,0.9140328409555158,0.8751765353723864,0.776814093979634,0.8720796817939525,0.0,0.16138567997846692,0.2579169741585044,0.5488617314347509,0.5296596392212783,0.8174323841836272,0.8533600796615235,0.7525035655177396,0.9642668656236979,0.8551144673558829,0.9397517799373607,0.686073889801694,0.9316605319195344
CL:4028004,0.7990385228064447,0.34843259387711933,0.8452403340919804,0.8315917499982294,0.8588481316201715,0.31694988332958834,0.8447381309184939,0.8396097457328359,0.4684115149778802,0.871556827970267,0.8544908990053045,0.8324210064818659,0.8495815406848356,0.8323612527035562,0.8514856916296492,0.8382294549873158,0.8305487049116282,0.8508911847413968,0.8598250901302323,0.8786701861940993,0.6271029593779647,0.7040092878135907,0.8919512143822845,0.8389731589352947,0.8518201136946375,0.6703904646775245,0.8803654320060704,0.8305113468471687,0.9081066111895291,0.4979694410619903,0.8660433317840166,0.9159071788763198,0.4110979564276031,0.8837895724084696,0.887078048319103,0.6745026779953841,0.8301735328531293,0.15708976610609057,0.0,0.21155810245154347,0.5450699778051961,0.49043889186616957,0.9240325065844877,0.8700017735869746,0.9141092244855707,0.9220145157893059,0.9250353408291921,0.8170550368241782,0.8479412272077833,0.9127146793664535
CL:4028006,0.8168858372732948,0.2803167479998982,0.8454071856148416,0.8035606105673888,0.7659092349441295,0.4127745454111987,0.8345604587296331,0.8416032482136252,0.5403924974087492,0.8376667510086468,0.8274851395196806,0.8115239792014486,0.8249734943605319,0.8293810061158134,0.8416360104637725,0.8338831978338455,0.8217799583302242,0.8536661061847592,0.8919514377726467,0.8745517168493894,0.6962643864598071,0.7437753436919234,0.8508302213959178,0.8443882217435189,0.7319793227973623,0.72052539812704,0.8367176678520991,0.774606242085703,0.8146751459807167,0.5814262383738424,0.8743484245053477,0.7686391207769493,0.4808920011575325,0.8353734306187394,0.7917654374442153,0.730191563765457,0.839212640666748,0.2588981827804769,0.21512995513355376,0.0,0.5703756889388969,0.565227778045826,0.7149294064237983,0.8773584533628143,0.7616018962571937,0.8846528653149316,0.8011850662084743,0.8102218340953709,0.6448016852551824,0.7866618243570727
CL:4030023,0.36929359573814113,0.6864574979476603,0.5827344864033437,0.5487809351766497,0.4359203979883455,0.647248166730469,0.5197498111621962,0.6460411760042483,0.6479380689084032,0.6783286800211353,0.5992747660915707,0.5386678252757515,0.5532365024725401,0.501536385315054,0.6557642845668072,0.5760348996973816,0.6462735950362477,0.6454367895192902,0.43815632135061694,0.39035558044665314,0.43191561088380975,0.6174179156041057,0.7248496767632034,0.6689110810250282,0.4891834500354876,0.6163557004167542,0.4981270446556073,0.2535367998015729,0.6685085455215298,0.6698779003458017,0.4493531120491793,0.6089889731597878,0.6637697731154572,0.349406573010432,0.5907428503147834,0.6766693433445752,0.624630266509818,0.7782596255586939,0.775783998757076,0.7413798938140224,0.48232454208211895,0.6818674054775287,0.5015552852606149,0.6252889658679315,0.39394073296764753,0.499413557065405,0.0,0.5518012632374256,0.3738870153586577,0.5694007476048574
