,CL:0000037,CL:0000057,CL:0000084,CL:0000097,CL:0000158,CL:0000186,CL:0000236,CL:0000451,CL:0000499,CL:0000583,CL:0000623,CL:0000624,CL:0000625,CL:0000786,CL:0000860,CL:0000861,CL:0000875,CL:0000990,CL:0002062,CL:0002063,CL:0002138,CL:0002144,CL:0002145,CL:0002399,CL:0002480,CL:0002543,CL:0002632,CL:0002633,CL:0005012,CL:0009089,CL:0010003,CL:0019003,CL:0019019,CL:1000223,CL:1000312,CL:1001568,CL:1001603,CL:2000093,CL:4028004,CL:4028006,CL:0000077,CL:0000192,CL:0000622,CL:0000784,CL:0005006,CL:0019001,CL:4030023,CL:0000313,CL:0002075,CL:0000319
CL:0000037,0.0,0.6508094878454019,0.2583236365782263,0.27734127661832475,0.45666993975771913,0.6137727023782579,0.2136489020148128,0.2508433044099126,0.6354840770238523,0.46697409870174234,0.365258974163707,0.21872782122913736,0.32017780985443894,0.2462857772635799,0.4656731455326718,0.3635851855359513,0.3514938505958373,0.2834935649928391,0.5324730044873234,0.4641394099077577,0.502642994915746,0.5561894259700684,0.5989333465766619,0.3212345005698676,0.49624419917021556,0.659660456922446,0.5404033425037341,0.38019213440210287,0.5594999273961928,0.589330138189574,0.4759366029311237,0.5187203499242794,0.6288982026105145,0.296984912296629,0.5522138011291173,0.6488117018897114,0.3413615866674067,0.748082131074578,0.6940283313349295,0.7030332312562737,0.6051755996134326,0.6621563905204522,0.4586487562862964,0.20519035478876793,0.26993153182158625,0.4697579715800598,0.3533545635059655,0.5252684961269137,0.24793345172542133,0.5468600174328391
CL:0000057,0.710530052852239,0.0,0.7444638977986412,0.7500297946807254,0.7771386490680278,0.3351446798608159,0.7388110762393275,0.7157214916389838,0.5889991285362219,0.7277576129801469,0.7833087236940798,0.7396571152856389,0.7569875273021968,0.7593826919283997,0.7453688663331607,0.683265142800427,0.6981065581891334,0.7228674500653961,0.802612683245903,0.8125222971802991,0.6360895189096316,0.6999672325805587,0.8457582596713668,0.7131928735318995,0.7450285468872305,0.6615432363876298,0.7958976446799335,0.714321727233984,0.8151131022911814,0.5170968294350822,0.7836634910187629,0.7719172657856639,0.4840495683469976,0.6504192840823773,0.7779450777761969,0.6753832571949283,0.6909732673256037,0.2880155354133503,0.32503608858326566,0.26646504702335666,0.39980970708218455,0.47850684259744736,0.7886637032307727,0.8545923582719547,0.7532787109787648,0.8321954381148248,0.7717003938965805,,0.774030380084197,0.7907839633199819
CL:0000077,0.5749161728063632,0.328098209747208,0.6250000015751872,0.6586413869634434,0.5850138407848566,0.3681097341459663,0.6007915712551105,0.5830498591659414,0.5063469517405317,0.6182250371441539,0.7119041016546255,0.618331164903663,0.6674818822694549,0.5859280926315554,0.6302752927799514,0.5997239162568713,0.5747385296910827,0.5821571198538352,0.5931652034021905,0.6253608646918039,0.4941081143655085,0.5920006214053517,0.6818560000747119,0.5917963555740166,0.5845777064482758,0.554774873680182,0.574754409354794,0.4709889295001922,0.6635453322022355,0.4199189920770422,0.5652082009185035,0.6069725685476443,0.4428886510212903,0.4697565675215969,0.601444159948581,0.559962220035068,0.5531154374759811,0.42225210689919657,0.421440367150101,0.42915970162834177,0.0,0.4834510697348479,0.5191146147839557,0.5990435283834111,0.45883713224377404,0.5423782423171323,0.4665716860658683,,0.5242014946934476,0.546531153335996
CL:0000084,0.266975303756343,0.7122606063357851,0.0,0.3269027658563734,0.5756540963605646,0.6628024495447344,0.23963007679070597,0.30617354329722085,0.671043481086978,0.5107605249658046,0.24767386951452847,0.14979909496892074,0.16636085153333136,0.29954307332943053,0.5406394707850353,0.4637022065668429,0.4299524380217872,0.360557766149519,0.5872374447015882,0.5682798660986175,0.5866864580046317,0.6074098539654044,0.6751115797863093,0.40128021642696443,0.6184545651165365,0.6794053665404353,0.6327845667058404,0.5193259280460188,0.642548795009083,0.6560489653899307,0.5748710400571319,0.6443294115844327,0.6606538606450141,0.44542871662189787,0.6481063699993944,0.7011108664961909,0.43415705101185026,0.733533623495757,0.7547684783923229,0.7482417286217538,0.7026745112892862,0.725900103688609,0.5805581178569384,0.24225534581121788,0.4587845331297608,0.5401103243582233,0.5496979834996708,0.588378353606745,0.46420435304761637,0.6727603473918607
CL:0000097,0.2905601779191296,0.7272159659263746,0.32865452855075233,0.0,0.5353831152315023,0.6483032617693301,0.31364629149843476,0.36444823067006116,0.6697101855565732,0.5418751231998251,0.38013937931760505,0.2553246801279973,0.3316410831157482,0.3296968173126164,0.5305604873087629,0.4376867023552597,0.44048704680798734,0.4180022010139217,0.5654008921971498,0.512630911696034,0.5359887721261406,0.6324950094769278,0.7275702030308298,0.42523658769474887,0.5544492371865263,0.6278484237061497,0.6095291613150353,0.4620908242861471,0.6714685356942853,0.6603160894107817,0.6000973877675926,0.6379302566176497,0.6482131799136484,0.38004770570373175,0.6325793061763008,0.7180665175576978,0.4445454810982929,0.663176280679841,0.7398012793014281,0.7047499589725604,0.7458071034526036,0.695452331185071,0.5515094599645955,0.3481443582142789,0.36638342106468774,0.5642632107785145,0.49181468577415177,0.5149456890558082,0.2992840741129926,0.6038803450799156
CL:0000158,0.4823019817324712,0.7554173592837233,0.6035932331776587,0.5662802830511063,0.0,0.7456804034043591,0.5519211589323537,0.620364434314379,0.760794873434958,0.6552084592441834,0.6090764655689049,0.5515844208599304,0.5725012546563709,0.5630519286987018,0.6806327053793334,0.6073206522210945,0.6506412468313229,0.635321553367401,0.511855535724774,0.47305415215780705,0.6234785048226253,0.7196430327692313,0.6109852453166432,0.6532805813616303,0.26519356170927944,0.6765134671891615,0.2761221166694928,0.35669181369799813,0.5503057319160175,0.7410111106499775,0.40412276614300946,0.30677248753643327,0.7518862419384515,0.4484794373515165,0.29427828069176953,0.7670134627858826,0.6589476672577069,0.7822032061635439,0.7976032643038976,0.7085789938483488,0.689998929183876,0.8346664132917168,0.27460045153556867,0.5771711611272321,0.4345493499043333,0.40949380500507504,0.4279700077966466,0.42968138850858645,0.3258784688030521,0.3492781260064329
CL:0000186,0.6396062690513089,0.32368443053722107,0.6725076696303977,0.6669096602843495,0.71676376580822,0.0,0.6750262659948122,0.6850143637052029,0.34768819782723603,0.7671552626332823,0.7048015284961877,0.6619419505461215,0.6887106313305781,0.6593412574685226,0.7643069694935193,0.737162306483585,0.7198291203629205,0.7043313773801066,0.7007609333308601,0.6954442708977043,0.5093598515030882,0.603836908739543,0.7346741330647465,0.7200597515890089,0.7330594001120982,0.6234386685309065,0.7079387866997481,0.6468043344517638,0.7253818523361247,0.3742359033617071,0.6912483837654406,0.7092825598842634,0.28762681211893093,0.6115565054583657,0.7195549362289984,0.5992313915199138,0.7179390752987309,0.34286935525466006,0.28436053127957206,0.36557036956581407,0.4329824545668071,0.3105578383257026,0.6581276675022861,0.6783371938981416,0.6129845369823745,0.6530667362552386,0.6622573372820716,0.6410283476294568,0.5487002283920884,0.620204600547458
CL:0000192,0.7518312236618286,0.4892053791406272,0.7830380186588389,0.7558846468338204,0.83447203643795,0.32373548274050784,0.7716524690038956,0.7803602315989902,0.20130693484157497,0.8376443555225812,0.8160433048469922,0.7585983593262801,0.7939082898914114,0.7469091289666218,0.8442242487315273,0.8256659083070675,0.8033663116365468,0.800102154149081,0.7806604050558936,0.7936253140853786,0.6083891204505095,0.6891646709508112,0.8193697946587067,0.8073650172737238,0.8265303601914755,0.6795002170116452,0.833954418272537,0.7477308957318319,0.792906858117711,0.27957985141277875,0.7890889413118477,0.8399994946355973,0.18454403239243933,0.6888537421447307,0.8459005325357005,0.6465658586551881,0.8048374551327481,0.484330111902944,0.46211536836227274,0.5245909014463983,0.6036712819312077,0.0,0.7847057451743898,0.7736886524230637,0.6784704013247913,0.789493977656852,0.7414005878447983,0.7139545067575156,0.562605021736791,0.7786324237975286
CL:0000236,0.22227687005631758,0.7033433851454686,0.23756871605090105,0.3181206315080158,0.5298598325509738,0.6662460982514095,0.0,0.1810613063282743,0.6719264855258782,0.4120886293505774,0.40845672123641,0.2569563227408988,0.33070671845427524,0.1943251571501986,0.4646232444903397,0.3168501967637626,0.33419581822761074,0.2272976930541399,0.5211050208927551,0.4737997265994048,0.5083417777797848,0.5956032278144829,0.7129514714290149,0.27702770483604205,0.5717880058873809,0.602940813557197,0.5854938250321495,0.46458551333366593,0.6745723905583518,0.6514137080260362,0.5352174376731774,0.6247543421853403,0.6529151969148019,0.35788200289791333,0.6284948426468205,0.6923873745327777,0.3179392577042629,0.7459802199996838,0.7547848016577083,0.7487240826744418,0.661142112048471,0.7055543700126871,0.5555672474821185,0.10339937392814186,0.4044575715110129,0.5137639282581035,0.4790094545926741,0.5482492057042136,0.4040088187076057,0.6095022036619777
CL:0000313,0.5819981849462236,,0.642740450728323,0.5741224880725729,0.4435947077243692,0.7101066147368115,0.5730197508473986,0.6728151807150481,0.7374343949524103,0.5972917851071955,0.631695571805966,0.5743266821153491,0.5963963726921524,0.6037965108048396,0.7195175558677854,0.612597902350793,0.7005207515192892,0.6613140620914458,0.632945562437271,0.5440136414258407,0.6329656630584344,0.7360433399544887,0.7257580262378854,0.6954180291434446,0.4891929713694253,0.6896256796809326,0.406794612487821,0.5382229909543841,0.6835092493927422,0.6607947121924278,0.5457075972371308,0.4602667006758008,0.7461894455529904,0.5089302086794496,0.47046922500811605,0.7946910752990242,0.7166091206382791,0.8219645157465529,0.6961319399537668,0.777743028372558,,0.6420947604911935,0.2585005852760563,0.6484178910980615,0.5065801518309202,0.1570893178642172,0.5672946312776208,0.0,0.5549148749116417,0.403283267134425
CL:0000319,0.6016908333740741,0.7782997441589763,0.7388608541068811,0.699529733946605,0.37025864718053064,0.6689517333984676,0.6686951975551958,0.7460282052470403,0.7647651403204577,0.7516996665251796,0.7637528189166404,0.6849882104644359,0.6993657793176217,0.6876901380081473,0.8143280365593016,0.7397201442490487,0.7903139427701372,0.7479333353752733,0.6040359168623614,0.5604056604954006,0.6218250164607179,0.7440991040067244,0.6833419908521668,0.7802266808503902,0.416961044896521,0.7544489934070633,0.3462923442533137,0.5401655305867549,0.585658460042947,0.7646717723525193,0.4431384145446232,0.3137095082929699,0.7608219358986233,0.45747027364675485,0.3266842755785391,0.7733217048236651,0.7931706732035508,0.8785890764985698,0.835269329199107,0.7489371100455756,0.5965707431775388,0.7757578565579317,0.3637466415808046,0.736956654516983,0.5460754204395654,0.3214981443711891,0.5885332757535199,0.40478799130828363,0.5474968578479041,0.0
CL:0000451,0.2626678110335121,0.6659829500214857,0.31003730491984743,0.39135629350500084,0.6137387863363607,0.6737741123381323,0.18801531987477715,0.0,0.6932391850240042,0.3696370601304817,0.4941307800359263,0.3727007254419949,0.44445984397125965,0.32117163245952596,0.4171756827179083,0.282915921571355,0.2727542662340584,0.12442776135456173,0.6089690940158458,0.5825915656458595,0.5745190645602648,0.6051787705665973,0.7107926901306397,0.16141073069350761,0.6234253735972349,0.6835208875543493,0.6210942264348662,0.5787517526375038,0.67856874659967,0.6693927091935956,0.5719040055657675,0.6811915457237517,0.6631479558303945,0.4423806736996019,0.6691464765696609,0.6864348441870874,0.2109566718648776,0.7805169806053929,0.7495824335661037,0.7730620665977246,0.6270012777189213,0.7180674969624053,0.6500821905437874,0.18543887752515187,0.5582762362246361,0.5491464646387445,0.6415478522939051,0.6532803258617527,0.6506722898054998,0.7051165932872984
CL:0000499,0.6836176797380965,0.5706859078291956,0.7000667416868337,0.7065120271532135,0.7682652540712306,0.36503226673592104,0.6919811786321103,0.7187268672786179,0.0,0.7735230662696437,0.7447776548538848,0.6871581185186904,0.726718979683943,0.6756408266146519,0.793945929736254,0.7613587867755415,0.7511662558623553,0.7283987923265673,0.6891318637130649,0.7351387011718612,0.5449434249197932,0.658739663841943,0.7909397816238598,0.7451998027317874,0.7542843844118269,0.6546527640414986,0.7774475045852365,0.7000354155426088,0.7581938567524337,0.30567631302814186,0.7261815012833935,0.7665556091960427,0.1604480346534056,0.6413407030479698,0.7619658568166697,0.627069270992203,0.749935620632399,0.429177516854616,0.4290263561534738,0.48943124613471256,0.587660954447223,0.1915016006492099,0.7456765612508643,0.7039934258815398,0.6262237025387655,0.750971537844918,0.6849245752164641,0.7351971987300364,0.6403907641604357,0.7501951180234977
CL:0000583,0.5368644963800729,0.7363217172546078,0.550486642398585,0.5826341513837869,0.6738984664997335,0.8197187510970223,0.43868912168078966,0.38392873036412517,0.8108979589466768,0.0,0.6317638352173448,0.5675254070554877,0.6019813501260282,0.5447551926327807,0.45923114761855105,0.2854611283933318,0.3468335708549249,0.3666263084585646,0.7570554363446232,0.701306093345509,0.7345331480872371,0.7547928878866926,0.8182086454743505,0.3307807501716821,0.6425165508225074,0.7611695366683534,0.6863860923974011,0.6868230065514533,0.7445043005325916,0.7777242477771645,0.7299516287331069,0.6924580284871105,0.7886643390815283,0.6091701809006129,0.6951554233610538,0.8174860840284696,0.3017663772328674,0.80573008045969,0.8318149301788544,0.8019425564605477,0.7087045354784713,0.8106179423883381,0.6016255924878342,0.422657417587121,0.6067489102170728,0.5572403663415111,0.6637297822360909,0.6334707435649527,0.6681634643188604,0.7408075827107711
CL:0000622,0.5088841187463189,0.7790344142051655,0.6121255051186743,0.5973012238617269,0.27751120067684415,0.6885124159478536,0.5788801427754163,0.6384176490860308,0.7569763803635278,0.6012437834528233,0.6361982268897513,0.5865064985384986,0.6098223834715046,0.5388143786347483,0.6876352904445507,0.6323091059758489,0.6571181928239973,0.6471381133348709,0.5244763312221102,0.4721189261024904,0.6210313002042372,0.7140402476153529,0.6449541431646681,0.6738543767932187,0.31799213163438067,0.6605473886664577,0.23135226339702836,0.38816815733969023,0.5715567578278397,0.7808684515250036,0.33779476607912695,0.32248096313219105,0.7614045654251532,0.46914049150651793,0.3136108058349285,0.7506540708150566,0.6616017932356923,0.7423184792465268,0.8338031257264673,0.6615837859091481,0.5970643438925111,0.7764561919462176,0.0,0.600272001007721,0.4341908831427861,0.2502601187247212,0.4895357298876121,0.2544413169877322,0.4478747794514709,0.34578718368616457
CL:0000623,0.4089865833220647,0.8164554364584202,0.26531770173386493,0.41060689121905825,0.6183599276919594,0.7375151346215763,0.43449304096266567,0.5024686203915751,0.7541404097369571,0.6298253921733031,0.0,0.2740487212431307,0.12837665291944417,0.4631232650966471,0.6178756648426703,0.5544264194687198,0.5571909411986188,0.5423820641439091,0.6572279918501124,0.5966829472092321,0.6607319286138219,0.6987325856718236,0.7567707406718333,0.5496121100109734,0.6645923478168595,0.7006344811038345,0.6776575722165469,0.5936862648795997,0.7288397031788918,0.7570863541246677,0.6689783409868775,0.6960224582413318,0.7544965291419492,0.5582051842064734,0.7135816905707522,0.7828123411796406,0.5669261381619569,0.7370159012667853,0.8164472691341477,0.7801532590346557,0.8736423973083618,0.8121289838663185,0.6327766840498668,0.4326305544360403,0.5329846130360424,0.6204336806955719,0.5772961388267718,0.6103271646220472,0.4869349069607203,0.7066508091247221
CL:0000624,0.22342765336619438,0.6961283068408689,0.1452298608197032,0.2531524531332926,0.5201347104937302,0.6425451496807485,0.2502889568328042,0.34194632434321903,0.6534018430146602,0.5230900068701178,0.24856881749160598,0.0,0.17179697358730386,0.22789642865455836,0.5415050714091761,0.4336820996011334,0.4534439428553974,0.39649175639198275,0.49224946761205596,0.4906947479583829,0.5149194233472072,0.5932463815185046,0.7053271650700087,0.4326506890525305,0.5730058929024422,0.6096748875991567,0.5927929879159893,0.4331982349679381,0.6732929564486133,0.6214459760083331,0.5492085071908513,0.6247072653082302,0.6303096450290873,0.3566595445692758,0.6336972387313213,0.6955692692432885,0.44469036148045044,0.6759025872846794,0.7313558154191648,0.7125557268032101,0.6781820364282357,0.6855376182286163,0.5541833331586942,0.28716307642351296,0.35404124747163523,0.5079749613888265,0.4882017972842022,0.5431141252940492,0.34376082674241915,0.613834123072681
CL:0000625,0.34459188110514494,0.7465782120809802,0.1702074517090538,0.3447627123263418,0.5632562336822972,0.6965951523974069,0.3379775347271692,0.4334963791128034,0.718367806394216,0.5800699576591895,0.12206892178106153,0.17931448342591014,0.0,0.3662609724658308,0.5875908010296034,0.4823717057313223,0.5164970090828265,0.47999799437887364,0.5501385744242326,0.5350089392790461,0.5644879548209238,0.6458113966468622,0.7404241963980515,0.5001319998565755,0.6209561290515049,0.6246650146362946,0.6303758135038535,0.49985266185893906,0.713876642377251,0.6963136336082909,0.6212016879855452,0.6542548993035603,0.6991988875858149,0.43980459977582326,0.6731724766599767,0.7419756331086682,0.512917333004453,0.7171943221781908,0.7800516565558964,0.7557385950863793,0.7725527464890255,0.7529503817487653,0.5968282024929377,0.37732160623634353,0.4337412026889725,0.5754892173318311,0.5243823702968619,0.5769956700033968,0.41164538665718237,0.6459199410655935
CL:0000784,0.20795062666750705,0.7557149990765075,0.2365704148148996,0.34673166871452066,0.5428956675106257,0.6523201325824122,0.10075989891587683,0.17073201858405795,0.656546021429868,0.3914864084109075,0.40536086182116476,0.2903646912301535,0.3611248681913496,0.2223661205416254,0.4294360988632269,0.3128109171255493,0.2938018015118098,0.22246803182315833,0.5406606530521638,0.4954681382745513,0.536263589974701,0.5766356336754656,0.6421837973611105,0.2615474606939323,0.6213709304366517,0.6359491699406363,0.5608090868568819,0.5094576651714855,0.6444254234770318,0.6524034324516506,0.5057999638038433,0.6256623758433191,0.6757166367927264,0.3719895250549625,0.6166937548420286,0.6524344047573712,0.28533692279235007,0.7289296932207995,0.7464291023482045,0.751446493090172,0.6381844130357089,0.6983264770371589,0.5606108852381654,0.0,0.44436793625587534,0.5241047498647896,0.5649601190121448,0.5999730668650646,0.4853594759464813,0.655878740102393
CL:0000786,0.2547851767295047,0.7259122039011248,0.29320798303055723,0.32141298808668084,0.520951151908002,0.6423062936656234,0.19012860795971853,0.30720241817421234,0.6466977845066201,0.49039930818445376,0.42202095118106925,0.22912088212017598,0.34907319308385726,0.0,0.5374916337172414,0.4412688365253406,0.4321857444372715,0.357430794491616,0.5883606567668538,0.5174931607729364,0.5489194925555644,0.5948164682899881,0.6484821072116183,0.39663261281494583,0.568880064811023,0.660600445572316,0.5884908973225271,0.4513729294988474,0.5824081835504724,0.6313868099016415,0.5410874754124535,0.5939104770482697,0.6206474754088258,0.3310678239805234,0.6250703168247091,0.6999145652144282,0.42388282346386463,0.713174025522904,0.7336486162633511,0.7191858887229242,0.6299976384533688,0.6623166278019467,0.4846545716350829,0.21531194716094115,0.3028701310177754,0.49182003682300457,0.43985366851925933,0.5411905480572781,0.24343794974922942,0.5876458532661721
CL:0000860,0.5344592391918676,0.7645120245145544,0.595071444655919,0.5939414766446175,0.7169779748692301,0.8308573401807914,0.5100183077030094,0.44864535268999,0.8447692572733533,0.4757075220740234,0.6426117772501211,0.6078020299192918,0.6311395990763742,0.6054734062477172,0.0,0.3130250388104527,0.24919834749754033,0.4263419271877748,0.7792069399182547,0.7568762564619311,0.7820309308268893,0.7900245163713014,0.8361131182864284,0.35276817962289103,0.6983617073798959,0.821681840948589,0.7474878234833381,0.7117119927606521,0.7884071250276596,0.8109762931046797,0.7622907080534481,0.7845754392985038,0.813164018186623,0.6829862548345726,0.7595987889196013,0.8381637801511557,0.3386290222981757,0.8339067895203296,0.8354445605883658,0.8262495527517562,0.7407701019125514,0.8544595123303287,0.7166105039914596,0.47881915193485663,0.6923449515087597,0.6631948012729945,0.6742304027154081,0.7814591839611976,0.7448846461732213,0.8184906191130261
CL:0000861,0.3910686002567194,0.6532319007268782,0.47552520746778826,0.4573887322805642,0.5990357445168614,0.7506993778424929,0.3257194838795367,0.28621606713661885,0.758275173199568,0.27612998198739075,0.5393046159877042,0.45486034854875335,0.4852078849728014,0.4631150388591401,0.29136427103818857,0.0,0.19492392532672945,0.2788552763116778,0.6161134158788888,0.5935112897181877,0.6152731428150171,0.6997089123095739,0.7967319263097707,0.19457011273778793,0.6011055879439925,0.6620221996675681,0.6505160267334336,0.5502577453856866,0.7426929508208128,0.716395738422984,0.6669710788264188,0.6910884547411696,0.7204876934505627,0.4954647280541706,0.6754962077184844,0.7629798801523455,0.19612738137619304,0.7717564146952078,0.7670881940813926,0.765738108533641,0.6721015308165071,0.7851722643958209,0.6217353692446068,0.33120917962022484,0.5238442245176227,0.5726899376418657,0.5554031281744911,0.6104358129080645,0.5347755594172459,0.6883867302024654
CL:0000875,0.3760476130680359,0.6647611075101868,0.4409221943315659,0.4594785280154205,0.6396046457408265,0.7253035513455046,0.34290569846477875,0.27309213687203077,0.738563015871146,0.3365959263327048,0.5397115684949066,0.47663718674856054,0.5177019281437966,0.4539675682843456,0.2326719296390868,0.19568552221212357,0.0,0.2570756835395547,0.6940448160501929,0.6563419419616191,0.658774333203078,0.6791723118788641,0.7570021765872347,0.17565972198382582,0.6288698045472227,0.7247981134311753,0.6765275939335121,0.6018931639542883,0.7050658033810484,0.6949288512807545,0.655316186832445,0.7106027091657966,0.7071250020248716,0.5361972685538183,0.6963590355398889,0.7438585759565381,0.1448802366060381,0.7558972965881487,0.753631677786163,0.7507965659741945,0.6297051539504435,0.7467379692946402,0.6381640203576515,0.3047596796065364,0.5686011605390678,0.5920353825117879,0.6137624641544408,0.6941294790357834,0.6287927062447892,0.7327815726763323
CL:0000990,0.30634920324110765,0.6853880153064368,0.380002760763904,0.46666394277432127,0.6573956956344591,0.6997634090016686,0.24814853459726813,0.1305685382025997,0.7115264860994025,0.37477282557086394,0.5553303093561066,0.45115119661613806,0.5129969815884903,0.39508823993147607,0.4106303078698487,0.2921179510107171,0.2685747940315615,0.0,0.637744158966983,0.597455378383534,0.6136315142723093,0.6418413538097036,0.7433082541326622,0.135866445838474,0.6605506354923137,0.7308299263002787,0.6503310838077826,0.6236862044997179,0.7050899729002619,0.6908338553149015,0.588268335958193,0.70011390032287,0.6969738014917797,0.447792580326179,0.6950138487336415,0.7146415630241921,0.2028896644537914,0.8163488562518197,0.7727987128088226,0.8119550993290926,0.6268895772269026,0.7420025656345723,0.692364422605061,0.25208175438460584,0.609266962013445,0.5570736397388759,0.6735890961845944,0.6601334693105261,0.7346924501869182,0.7461474584891075
CL:0002062,0.5659897973166929,0.7771124746856205,0.5974223342988114,0.5733511134740371,0.5011866035896294,0.710029047945893,0.5304686414905926,0.6281519412378709,0.6780763519848511,0.7071549854801814,0.6213697201070557,0.5081676313009826,0.5451150490165596,0.5973819522875516,0.7245363494995389,0.6120664108125962,0.6888420153488842,0.640753027453643,0.0,0.4711126635020589,0.5764545736254586,0.6562578996824673,0.727568877635547,0.6805950023603113,0.5600071350601225,0.6509171526552119,0.5246122972326556,0.3948158807574671,0.7399063423498382,0.7000440786388729,0.3876116295831995,0.6377888086591704,0.6641616439983132,0.49745421438277126,0.5958436896939574,0.7073196839627856,0.6911666235658712,0.8075752188671528,0.7814888481348263,0.7999097106483419,0.6739445780119475,0.7478118591553118,0.5208840101582052,0.5734862326722963,0.3984233348468636,0.5573246824441271,0.4571357711611386,0.574390949588331,0.30235505888195524,0.5836292924367188
CL:0002063,0.5233830155557921,0.8711825663053901,0.6206690864094249,0.5581302370104758,0.4917970722869888,0.7409124473252936,0.5185664575123152,0.6352913051863458,0.7507769325492633,0.6983077506431002,0.6036543416694202,0.540579946127478,0.5647466216173612,0.5766120162799536,0.7428219866604815,0.6224559578973173,0.6939219114661681,0.6377842923190621,0.5064292678017704,0.0,0.6468193529664944,0.7300348873907085,0.7251539871869892,0.6727011612235854,0.5590679104789922,0.7230168638212663,0.4864246120783691,0.4669557976776844,0.6892971669516778,0.7805674448140569,0.3063452553986299,0.5628957058510977,0.7847561421259341,0.45302388695482165,0.6093837478666172,0.7894175476612972,0.6845927159935293,0.8590625369250123,0.8581134729444759,0.8415339320641296,0.7835853266311441,0.8055460691555973,0.46280604514199997,0.539477502396432,0.4303149176915415,0.5048868686434268,0.4113114724593618,0.509394658826284,0.2900188008885246,0.5383801385514828
CL:0002075,0.23750375006626254,0.7225941369773748,0.43949324073924945,0.3078896854990258,0.3069208725648469,0.5380226819741271,0.38391290798358063,0.5620361742090381,0.5816681819757027,0.6015205958879178,0.4450128365669519,0.33413201534419873,0.3810644376361173,0.2513871472489362,0.639038270366484,0.49198040976532387,0.578891476199795,0.5988455273436292,0.27783483962967037,0.2653373652032215,0.3810196208319253,0.5472506325957787,0.6132403826244054,0.6231879749675031,0.43305936026481867,0.46884971421507055,0.4538569305045739,0.18391165134600462,0.536842330857562,0.5049665872901226,0.40264208701533905,0.5354777322478729,0.561701286446123,0.1679326576832842,0.5208526444970599,0.6319543856148262,0.5993509599107653,0.5545703963160772,0.7065619615535708,0.563303871243755,0.5427410566648501,0.5322065599225685,0.4155706028687139,0.47056759015187605,0.12120078271343461,0.4987746819476467,0.32504701165992816,0.5116797522652844,0.0,0.48617639219576814
CL:0002138,0.48815389648284957,0.5735467031604128,0.5539779886481131,0.509983580056689,0.5740650108435187,0.4601001393829674,0.4814216823179664,0.5423319205861317,0.470160354587793,0.6385260055487919,0.5838631872962726,0.49532834005817583,0.5212407173455684,0.5199018278378098,0.6679325654026853,0.5652115634111434,0.6044087212223765,0.5683350490577198,0.5429019528822239,0.565338489940814,0.0,0.2838254711467443,0.7350729560462986,0.5927125126795009,0.6151472850914719,0.28446060037542853,0.6223679743314247,0.49115063400904346,0.7124265838846601,0.46858086419520517,0.6174900887132101,0.639959564545871,0.3964862383806838,0.4413821820359823,0.6605306110006319,0.3070271887290587,0.5939078058735642,0.5920023299771501,0.509493390555119,0.563180713575279,0.5068789659606854,0.5050604143387518,0.5576778809539166,0.5011743325911021,0.4066344220019623,0.5520923549290715,0.4016270136049424,0.5662955502932816,0.3773813757667671,0.5441401593729511
CL:0002144,0.6172895198450014,0.7353822795151542,0.650732229134932,0.6794658093624146,0.7412107622831119,0.6260651285685603,0.6377670888741876,0.6490290718400393,0.6588403222823804,0.7352316250873778,0.700319931377171,0.6437476541799159,0.6721209915931968,0.6412316429371187,0.7625875881107582,0.7217776497629138,0.7064093164088386,0.6763526785778405,0.6998566722480435,0.7199227366298779,0.3289547098035256,0.0,0.7817517804356611,0.6935724844978959,0.7658462884147581,0.2764331200153503,0.7670016930059599,0.6845581293905874,0.7728219129695941,0.580086061147361,0.7291883711816265,0.7875054812495971,0.5366334230783164,0.660739850985083,0.7972124398189401,0.2363457481746146,0.6898308345952874,0.7137606217616379,0.6568984226992268,0.6851578242512646,0.7142484219784858,0.6576550090858229,0.6971204811992461,0.6192513629003012,0.6118177312161333,0.6460631592426191,0.6471994205895634,0.6601379179178756,0.6172002520469247,0.7239910865441637
CL:0002145,0.7288809591343158,0.9620870144207354,0.8004051643027993,0.8633580017653019,0.6951886648965394,0.8409200157091401,0.8329927584780374,0.8229839874919881,0.8704169437073119,0.9064462228581098,0.8448464424417762,0.836856684568793,0.848269719990486,0.7855401640544873,0.8986339147254894,0.905004053004793,0.8739630196764554,0.8283238210350171,0.8418419855849958,0.7840452967132355,0.8778148902108884,0.8538860983014762,0.0,0.862216731108362,0.7624766705476694,0.9155733588903752,0.714436997612681,0.7526191549072013,0.31268006062611203,0.8952797449735868,0.684802838499507,0.7184859311676499,0.8880647226212064,0.744183595172985,0.7029709282178397,0.8918155535540808,0.864279140113934,0.9034026241707113,0.9306284255134495,0.896204453419939,0.8885750906032446,0.8531970538703423,0.7097354194888578,0.7720622175635501,0.7352585025826639,0.6822306432039265,0.7874361334594954,0.7462557869068078,0.7157080256017645,0.7082428144980056
CL:0002399,0.34724101751163483,0.6804814872313588,0.42303103562481925,0.4679603193572084,0.6665686866681627,0.7323441159886085,0.2941913932704145,0.16737041382801957,0.7433753669083698,0.3363097410929625,0.5574296429322376,0.480114495874769,0.5267055807134123,0.43320180514409845,0.3388458689105191,0.2034674608404908,0.18376251511643485,0.1359526183604001,0.683839373777541,0.6387194016325168,0.6492729875368034,0.6692554679976295,0.7716580726364685,0.0,0.6540247824848754,0.7448978584262317,0.6752680624645605,0.6422173079576926,0.7303501333075929,0.7067034440814104,0.6330568857550071,0.7244546659644305,0.7105868253167873,0.5198513494587081,0.7078857432464157,0.7376263979425054,0.12014462476927106,0.8117890190037911,0.7676159629565611,0.799587538554149,0.651381932755101,0.7634021414870347,0.7051782412200828,0.2879010123416303,0.6312519381174766,0.5960492816668498,0.6857962615192529,0.7099294560059769,0.7402459096645717,0.7728295154876903
CL:0002480,0.556538655506824,0.724855358574628,0.674303000158376,0.6205378443262407,0.2821130472007657,0.7831580557010563,0.6197625046620294,0.657508260068611,0.7922466723017323,0.658698166213424,0.6858122913673462,0.6291847722348931,0.6557605983094553,0.6383236500979403,0.6947854215629271,0.6365076053690372,0.6720251452388101,0.6679407760686866,0.5836186335558597,0.5637719470782762,0.6809550152214208,0.7622912277847175,0.6936805663471742,0.6695734102057451,0.0,0.7237316021769975,0.3459704171102409,0.4525091799620238,0.5689082497188366,0.7315100980368283,0.4934213148585591,0.3518608077137716,0.7569608990754307,0.5353932950642862,0.344864894311421,0.797143145638433,0.662165097504355,0.8175102689691016,0.8052057638043173,0.7022596780387741,0.6460481015319816,0.8459471164357011,0.33229585022069297,0.699601120154554,0.5255203702665823,0.49957492938548337,0.49876018977100767,0.508317135847905,0.48350690871640933,0.4237897030269757
CL:0002543,0.7446870751048463,0.7072234481858619,0.7406360234679833,0.6846868772577925,0.7091696879958819,0.6641846508647359,0.6525700928419332,0.7360123882597285,0.6646878499215338,0.7667407767143671,0.7197957527420947,0.6707358459069332,0.6644619226819496,0.7303416524509244,0.8066106459478994,0.6983629199045722,0.7658734705097529,0.7568369070772633,0.7134869836673166,0.7349427770903265,0.32879693743688226,0.2863914996808895,0.8504034540712695,0.7679952430751079,0.7334610181780593,0.0,0.7605744997928334,0.6776551385952956,0.8300268843150339,0.6222081423193537,0.8226657749078271,0.7754290520074825,0.5905701148597843,0.6975533128727913,0.7827685408547712,0.11088814956453748,0.7583652220369508,0.6557379600576377,0.6398458649556734,0.6793285136483885,0.6635211618419538,0.6647321184410844,0.6567319286575547,0.6759443862061566,0.607707020109579,0.7218091032810239,0.6169021262718793,0.6896474752174958,0.515152914718702,0.7056485641658009
CL:0002632,0.5846005122500569,0.7907042376210064,0.6798914642313508,0.6559372509099698,0.293607840945342,0.7293725717712523,0.6279255438833284,0.6627747038879792,0.7773091696912942,0.681004201554584,0.6847312705345946,0.643190500451962,0.6607577649783725,0.6489130920572956,0.7296019546904848,0.6803325088180284,0.7084110236072617,0.6659654354823941,0.5403310606374722,0.4820085014359474,0.6832432966056149,0.7553952549263585,0.653822314686,0.6908105470018668,0.34181158512581233,0.752965116468732,0.0,0.4985828658187484,0.6217582610874682,0.7970576401043079,0.3454805329381812,0.22200950879311604,0.7904915822991254,0.5022960409915923,0.26037191862385817,0.7858023897340394,0.7108998456611434,0.8376765243212075,0.834487110485139,0.7893672189564062,0.6567966140808358,0.8195476966690354,0.23737676610622607,0.6102491941493189,0.5198857016866255,0.34327303817270316,0.5116535810655853,0.40734972951402637,0.5135347346176178,0.34148778327253493
CL:0002633,0.3709600716668729,0.5978193898306128,0.4888158837090328,0.443688897292327,0.32043928533677507,0.5924869859529704,0.4417206625955637,0.5302959652867094,0.6347698087350669,0.6079379646468305,0.5289697713783081,0.4212354845941267,0.46220339266626415,0.4303811501898174,0.6107063776071467,0.5079776832637001,0.5551127531839911,0.5456237615598636,0.3584267137505973,0.3916166993041779,0.4776783246793274,0.5871943758193857,0.6093579088925518,0.5706948448943852,0.39903987215953796,0.5802914564996405,0.4380172959245895,0.0,0.5631549304732927,0.5627967648077176,0.38015759098929547,0.5048066268077841,0.5831895739692173,0.2967076532563165,0.47338084498299293,0.6528857873241443,0.5523630359757908,0.6633023404738048,0.6748148148239831,0.6441230038601399,0.4681214652979785,0.6478171508409468,0.37549159710991475,0.5150661160220164,0.2585861550273453,0.4574596467306636,0.23784000903373315,0.5107457702480608,0.19081973969187324,0.49596625679353695
CL:0005006,0.2585918091142765,0.6198956650388204,0.4168771503368044,0.3520097632936213,0.3705151551474043,0.5370186277036378,0.38578780257878553,0.4974639421171101,0.5498937643597411,0.548386598682021,0.4632748641825446,0.33836950797406606,0.3936985907125739,0.29676964028697367,0.594058209765763,0.4804889720612474,0.5244191976512587,0.5186554133273185,0.3399766789910651,0.35358269852384056,0.3910575233561805,0.522514976773977,0.5983451421743602,0.5471134131418424,0.44939025726626136,0.5163045109414323,0.44072383136553483,0.24344166186886862,0.504482702473523,0.5452874599432943,0.3757767874416657,0.5057323915544719,0.5264280070150208,0.13928747018929685,0.5138921385435928,0.6138450734924945,0.5100528763019155,0.5823464465529556,0.683497393790315,0.6082966544808097,0.44977430529327006,0.5579457758710972,0.39575452666641275,0.4360922737605131,0.0,0.3972074445927703,0.3493418745085913,0.4489403670225057,0.12077358118243954,0.46947541371630014
CL:0005012,0.6595246263126079,0.8554906929659831,0.7170368011347666,0.7216517728514722,0.535482405971741,0.7952367360845708,0.6977896612654844,0.7389265201684498,0.8313489824672466,0.7705075859367273,0.7488859889535636,0.7066647181273912,0.7263998893410363,0.6701333739131603,0.8127652432207928,0.7583403475458211,0.7816486438679824,0.7413586218808212,0.7177923626142726,0.6530276230399569,0.744086440293246,0.7928940006193677,0.2593909090880765,0.7723486484905092,0.5435883827735736,0.7927292874478479,0.5859700203099034,0.5931204108867706,0.0,0.8198748848869503,0.6161508488371952,0.554647217196428,0.7909871969279413,0.5126178041429126,0.5815328954517762,0.8400144602386729,0.7623934234060905,0.8362307616916886,0.8784848949433818,0.8064220020413598,0.7971961987753748,0.7978627723585359,0.5323279587395037,0.7515026063932959,0.5241722360011931,0.5529672340717964,0.626149658635623,0.5584645225149569,0.5182367540222345,0.5328698013907015
CL:0009089,0.6234025957478962,0.48635534562168636,0.669305978378874,0.6723747706764969,0.7248037270266211,0.37936552601712753,0.6629730385407402,0.6808401951636323,0.2918573740876384,0.7358324255886333,0.7209609842639636,0.6440933530856842,0.6905036542114112,0.646385591334906,0.7453075727382634,0.7064969283876539,0.6929108098765835,0.6913629159890303,0.6961275064902408,0.7240491172485867,0.5097009975239402,0.5515261820662811,0.7773591773646352,0.698743896683959,0.7120663418379864,0.5783023319108523,0.767253655004452,0.6278517947678712,0.7667699654349717,0.0,0.7146016167998295,0.7931394168215894,0.23853576412639693,0.667092931582296,0.7768292463928336,0.5592296788042785,0.6905267074167144,0.5057818117876599,0.45248633714390224,0.5195921437577119,0.45949511614939514,0.2549673736117865,0.7929516996273651,0.685554600520034,0.6608543724844188,0.8108564368072219,0.7332143708159223,0.7636515500628489,0.523438135333222,0.7706122766738951
CL:0010003,0.49787091177094944,0.7619461229021819,0.5812706056817516,0.6087787694337224,0.38903249104401094,0.6979353073773756,0.5426943931636518,0.581321426439634,0.7141931185784776,0.6790109188121922,0.6304866586516472,0.5634002962958768,0.6100501019380193,0.5531470574720431,0.7025178592475023,0.6574939023927528,0.6467864088623649,0.5839206868232394,0.3910138203958742,0.2878851063758211,0.6625517188975382,0.6906563991636784,0.5863964327748306,0.6232859945679771,0.4533902649950896,0.7569735280508514,0.32888268631685774,0.41653832368892996,0.5666413012413197,0.7125509363471088,0.0,0.38081631757246753,0.7158556283417454,0.41264817280417027,0.436695724986025,0.7390854369220916,0.6385599546088286,0.8180320334304398,0.7872216993994087,0.7893277520512872,0.6459019088608373,0.7520208219719816,0.32396742685248436,0.527880892587155,0.4328915056913131,0.4127667324799806,0.4653200434809935,0.49899460744535523,0.4341273618133092,0.4230075561769539
CL:0019001,0.5386319956907102,0.762116606371343,0.6054858453693168,0.6223063673786365,0.428020167114037,0.7122803293702569,0.5610503917053596,0.5995769617361231,0.7765829700742748,0.5556397334694798,0.64440068880635,0.5616972541567955,0.6131414085960729,0.5660692760641779,0.6540265818732406,0.5985637817016983,0.6325919763422745,0.5949928014887861,0.615974246224434,0.544425228742454,0.6498511408832728,0.7305955330578029,0.6608377423032935,0.6216342707444962,0.4930420973330025,0.7454288982399817,0.3596667773891061,0.5006371562170318,0.6166838298005952,0.7437450155922538,0.46028370279088193,0.40145719017798226,0.8002806612878508,0.4660109881867804,0.4149510737934281,0.787781861275369,0.6401075369664797,0.8673644130660776,0.8055328061461764,0.8475612499425099,0.6063936972876762,0.7426369880563485,0.26552060860218274,0.5920493918976308,0.4691701247495204,0.0,0.5422614686969787,0.16727133969965252,0.5749826651656282,0.3380845338531832
CL:0019003,0.5972662060075565,0.831078716824048,0.7407300164720487,0.762907008238805,0.3460105863559168,0.7905802525453998,0.7246972249499446,0.7661794606783089,0.8244214448115964,0.7702116640240947,0.7713520011681607,0.7334819051939113,0.7429876343038156,0.7125617900489355,0.8349470812846167,0.7809663814929153,0.8121170908156607,0.7590805015337752,0.6775664724091137,0.6003859382329897,0.7508016927227281,0.8364413613794033,0.7090125665896956,0.7898752191091742,0.36815835657802615,0.8236430685127084,0.235227315695084,0.5975294486453228,0.6480345658539296,0.8459566892937934,0.42333780900192036,0.0,0.8570830349230226,0.5732467358417956,0.20050135608249936,0.8685322100463974,0.7777474969244665,0.8905645077459309,0.8913216619910975,0.7866900837688112,0.7670087142113378,0.8805280443358902,0.36019815645245884,0.746865754600617,0.6264872177271648,0.41051164489238195,0.6556202900196966,0.49146783364494306,0.6465481727913726,0.3259457930288283
CL:0019019,0.6704503393928566,0.47418865131972016,0.6783637854781656,0.6690379465517333,0.7422032143600721,0.2917965192605774,0.6678859615160013,0.6807612579599661,0.15979051808561429,0.742730389258454,0.7255928185088928,0.6551577420989918,0.6974186065504037,0.6424652893469739,0.7576617328340273,0.7175605782927749,0.708570908900017,0.7014076215689795,0.6765976930759193,0.7409673843494736,0.44923480055353576,0.5305919883088176,0.7837806040027334,0.706562548761091,0.719693185902229,0.5643797615731794,0.7688549855834743,0.6495148366733815,0.7307896948895714,0.24636837781134135,0.7234574565158393,0.7821543052745362,0.0,0.6222946902277019,0.7692600028768697,0.5400108373549992,0.7060682866976719,0.4161251010094307,0.37283079794883445,0.4321583840972301,0.5118094743872948,0.17611352641142186,0.7554999656852125,0.7187106252508163,0.6060835478162869,0.775851881871866,0.7071211980212285,0.7201644706435787,0.589290018804629,0.7339268197271082
CL:1000223,0.2850360090864574,0.5684580427470909,0.4073626186504356,0.35609618021825673,0.3739999723608347,0.5591654475485195,0.32773143451126824,0.40302161659507446,0.5804621625595178,0.517510915520354,0.47613299535384973,0.3305727537863758,0.3931737599574204,0.30198120174286763,0.5633028121687992,0.4418389928228601,0.4782278355739614,0.40204852222466936,0.4349184691660129,0.38120654329688924,0.4272696487248801,0.5707127226541109,0.591600370625565,0.458528945016802,0.45182664259559124,0.5824299068889253,0.42633790015956863,0.2798919967589575,0.48512546964103187,0.5729865120886918,0.3657084561510796,0.4623835924127767,0.5575982548816293,0.0,0.46255088438117614,0.6562832150094273,0.4710572425508103,0.7157564454567431,0.6907043485648923,0.678467094895635,0.47173523280036633,0.5734739927887701,0.41208251902899523,0.35247718693079977,0.14039264386616176,0.39672499175740084,0.314848803304176,0.4465734970517519,0.1627233044002159,0.4013602296768684
CL:1000312,0.6391351746420918,0.8032741829191625,0.7279689144066024,0.7269191864955006,0.32808595984853894,0.785544572625785,0.7030474900170025,0.7284180396461732,0.8098595878920589,0.7375481904832437,0.7621732691987043,0.7191716267407968,0.7355709970903498,0.722662135195136,0.778685496821874,0.7368983382756777,0.7639921962055136,0.7260484896703087,0.6506123472299927,0.6434091076736572,0.7562276751528089,0.8270265320644187,0.6557814555066973,0.7480786336412341,0.3596951163360042,0.7974969731398532,0.27104562040572505,0.5593397618297143,0.6251405333274667,0.8390497737413886,0.49817836700283713,0.19301846752331048,0.8428366124742053,0.5715694542009208,0.0,0.8483933836719599,0.751991886843613,0.8541343492142627,0.8837234048644946,0.7943643885362023,0.6979574908906991,0.9112237536540304,0.3335932941030605,0.7020690557684713,0.6190375929611928,0.4262668130423398,0.6144227465757003,0.4983325572271891,0.5958561778621096,0.33172107740211493
CL:1001568,0.7293374257682987,0.7278659595257927,0.7711849103054997,0.7916356917219401,0.8150494749924849,0.6374632671600499,0.7609132820647807,0.7566794757422233,0.6367923817882394,0.8226219880330523,0.8066676873111419,0.774172521768768,0.79366756385208,0.7744300879917821,0.8326032098941735,0.8114084072016373,0.7944408507998469,0.7739764445247731,0.781589497011861,0.8009475601028372,0.36082741917988215,0.24321970688699907,0.8430856394920543,0.7866753239431981,0.8253288342292776,0.10946728783623261,0.8184689328584585,0.785877002895903,0.8416587357533944,0.6047532849527534,0.8015030942658198,0.851165465312068,0.5651593845775545,0.7913910128527231,0.8451938002270788,0.0,0.7826919263057286,0.7020459526554267,0.6451736490775418,0.6978607598426138,0.6741069444241127,0.6352654766563193,0.7483388215109803,0.6963073008710127,0.7432957567065591,0.7364807769186823,0.7249877753065911,0.7616986612577271,0.6989840977117474,0.7659500739674323
CL:1001603,0.36221270944346196,0.6472044165723607,0.44547798066015787,0.45791891485274955,0.6465991161646687,0.7178581288487889,0.32497412101790835,0.21400324732338863,0.7311282216655293,0.29165867753131164,0.5477176525154308,0.469474986440468,0.5173013908472734,0.44726211072304756,0.3126814491813854,0.19570198564250915,0.14516350910798143,0.19890036643794395,0.68338389887903,0.6408905919723556,0.6400532512744576,0.6556126934411042,0.7510891284793432,0.11676449139226684,0.623916764017925,0.7166432330824486,0.6797447995759022,0.6038972286071547,0.6999193980365744,0.6868658317742476,0.6392078761115415,0.6962202299468272,0.6970851956946044,0.5280448503574207,0.6901811017232153,0.72335261888992,0.0,0.7715810717487825,0.7476185620021955,0.7572862629691105,0.5951419489136749,0.7452782848913738,0.6542108962848334,0.2979878273919929,0.5734292036698171,0.6051196447246681,0.6220266464302818,0.7211950685196183,0.672606628277044,0.758422548601666
CL:2000093,0.9080241838480017,0.3143800135209157,0.8519581551231648,0.7834360902685314,0.851678219884161,0.41067821398529375,0.8450150398692375,0.8608475082051332,0.483838404923315,0.8686731638004577,0.8076523815562648,0.7911041387928194,0.8054270039919028,0.8447368844973706,0.865150219157179,0.8530464129289753,0.843098374400105,0.8719301591780296,0.918502171730853,0.9398698745700895,0.758503512569439,0.8081386820212741,0.8834799888538655,0.8663442237000569,0.8573648839417792,0.7234725839853455,0.909562782349297,0.8088246234644181,0.8533675058148852,0.5781831280294577,0.9366286285637995,0.8722045779070694,0.47430376152348686,0.9140328262190227,0.8751764834617184,0.7768141959929514,0.872079628474108,0.0,0.16138570423709211,0.2579169346882475,0.5488618729099326,0.5296596785231615,0.8174323012665362,0.8533600001724196,0.7525034570481224,0.9642667898055712,0.8551143504218193,0.9397518196768241,0.6860738782859713,0.9316604948007324
CL:4028004,0.7990384353503689,0.34843265568706505,0.8452402957398211,0.8315917364943516,0.8588480085479021,0.31695006319536534,0.844738040101157,0.839609695921864,0.4684114510984278,0.871556823229194,0.8544908651435764,0.8324209982427138,0.8495814943815106,0.8323612149334156,0.8514856434545731,0.8382294009641971,0.8305486525408338,0.8508911271173482,0.859825171099713,0.8786701737932029,0.6271029398454551,0.7040093087838948,0.8919511226939605,0.838973079879836,0.8518201089562927,0.670390534848191,0.8803653235229841,0.8305113563977002,0.9081065861006813,0.49796953378081277,0.8660432452458315,0.9159070750360888,0.4110979745675808,0.8837895530698295,0.8870779628117591,0.6745027659139585,0.8301734174602189,0.15708977479307318,0.0,0.21155810478565232,0.54507013056805,0.4904389410500151,0.9240324008352008,0.8700016674583352,0.9141091081159946,0.9220143380074637,0.9250352947523638,0.8170549308274364,0.8479412705556222,0.9127145180189141
CL:4028006,0.8168857840587034,0.28031675225425623,0.8454071435537326,0.8035605634903796,0.765909113246629,0.41277463827904654,0.8345604088693813,0.8416032317678033,0.5403924355459283,0.8376667875779801,0.8274851150228727,0.8115239645627081,0.8249734520813842,0.8293809717615439,0.8416359816372294,0.8338831495137002,0.8217799511107184,0.853666076275095,0.8919515408770042,0.8745517061802035,0.6962643737176724,0.743775398061053,0.850830103125113,0.8443881693813772,0.7319792373922798,0.720525404289578,0.8367175791961956,0.774606196142195,0.8146750668173158,0.58142626622553,0.8743483169109736,0.7686390699084348,0.4808920266862809,0.8353734133001008,0.7917653223652443,0.730191618215793,0.8392125269210932,0.25889813487644947,0.21512996723218036,0.0,0.5703757471246631,0.5652278043519221,0.7149293603151285,0.8773583534637807,0.7616018123855072,0.8846527845062259,0.8011849550100801,0.8102218735088528,0.64480165786416,0.7866618032410545
CL:4030023,0.3692934758431446,0.6864573742891085,0.5827342569946803,0.5487807887144114,0.4359203035625571,0.6472482712014472,0.5197496923004478,0.6460411093751403,0.6479381137187137,0.6783285021625967,0.5992744773380086,0.538667618324987,0.5532362606258806,0.5015361856755444,0.6557640017499117,0.5760346843951119,0.6462733677011665,0.6454366362219625,0.4381562876436172,0.39035560414900233,0.4319156002828584,0.6174179506670522,0.7248495879822775,0.6689108760924016,0.4891833165044882,0.6163556155653447,0.4981270192922499,0.2535367391972373,0.6685084025957058,0.669877937141518,0.44935311047410675,0.6089889125948702,0.6637698165542434,0.34940665832289686,0.5907427606838309,0.6766693996579908,0.6246300562686196,0.778259465947082,0.7757840533159054,0.7413797565608918,0.4823245193841107,0.6818674499059585,0.5015552257379534,0.6252886615102795,0.3939406575069124,0.4994135281266908,0.0,0.5518014313950642,0.37388686569254265,0.5694007306169512
